﻿{
  "@odata.count": 51,
  "@search.facets": {
    "BusinessFunction": [
      {
        "count": 20,
        "value": "Cross-Business"
      },
      {
        "count": 17,
        "value": "Consulting"
      },
      {
        "count": 11,
        "value": "Advisory"
      },
      {
        "count": 2,
        "value": "Tax"
      },
      {
        "count": 1,
        "value": "OtherFunction"
      }
    ],
    "Category": [
      {
        "count": 21,
        "value": "None"
      },
      {
        "count": 13,
        "value": "Strategy & Operations"
      },
      {
        "count": 7,
        "value": "Risk & Resilience"
      },
      {
        "count": 4,
        "value": "Financial Transactions"
      },
      {
        "count": 3,
        "value": "DC Technology"
      },
      {
        "count": 1,
        "value": "Global"
      },
      {
        "count": 1,
        "value": "Human Capital"
      },
      {
        "count": 1,
        "value": "Transformation"
      }
    ]
  },
  "value": [
    {
      "@search.score": 3.094653,
      "@search.highlights": {
        "Description": [
          "Equipping <span style='background:yellow;display:inline'>Finance</span> leaders with solutions that create an impact.",
          "Deloitte does that… through <span style='background:yellow;display:inline'>Finance</span>."
        ],
        "Name": [
          "<span style='background:yellow;display:inline'>Finance</span>"
        ]
      },
      "Id": "200",
      "Name": "Finance",
      "ImageURL": "None",
      "Description": "Equipping Finance leaders with solutions that create an impact. Deloitte does that… through Finance.",
      "BusinessFunction": "Consulting",
      "Category": "Strategy & Operations",
      "SubCategory": "None",
      "URL": "https://sdnet2.hosting.deloitte.com/sites/DeloitteDoesThat/Pages/Finance.aspx",
      "Keywords": "Finance <br>Finance Transformation<br>Finance Strategies<br>Finance Service Delivery Model<br>Finance Operations Improvement<br>Financial Planning and Analysis<br>Finance Business Partnering<br>Finance M&A<br>CFO Advanced Analytics & Managed Insights",
      "Content": "Consulting's Finance service teams advise CFOs and Finance executives on the creation of strategies and the capabilities necessary to support enterprise-wide decision-making. They help with the improvement of finance operations and the strengthening of stakeholder management. By providing leadership and deep experience, the teams help CFOs and Finance function leaders set a strategic agenda and deliver solutions that create an impact both within their organization and at the market level.\n \nCFO/Finance Strategies\n\n\nTeams adopt a top-down approach and partner with clients to find innovative solutions to complex challenges, solutions that add value to the business. \nDoes my client need this? \n\n• If they face performance challenges and need help in creating real value or solving a complex finance problem.\n\n\n\n\n\n Finance Service Delivery Model\n\n\nTeams assist CFOs and finance executives in determining and implementing the most suitable and effective operating model so they can optimize their capabilities and their companies can remain competitive. \nDoes my client need this?\n\n•If they are seeking areas in which to reinvest so they can better drive innovation and improved performance.\n\n\n\n\n\n Finance Operations Improvement \n\n\nThe teams help clients' management identify opportunities to enhance the value of the overall Finance function by improving their efficiency and their collaboration with other groups in their business. \nDoes my client need this?\n\n•If they are seeking guidance and advice about improving efficiency, effectiveness, and their control over core Finance processes, including through the use of automated systems. \n\n\n\n\n\n Financial Planning and Analysis \n\n\nTeams assist clients in improving their finance organization's decision-making and business-consultative skills. \nDoes my client need this?\n\n•If they seek to improve their budgeting, forecasting, strategic financial planning, management reporting, or analytical capabilities.\n\n\n\n\n\n Finance Business Partnering\n\n\nTeams help clients create value by improving the quality of their decisions and by ensuring that a given business strategy delivers the highest financial value possible to the business. \nDoes my client need this?\n\n•If they need help in elevating their business partnering or analytical capabilities within the Finance function.\n\n\n\n\n\n Finance M&A\n\n\nTeams help prepare clients' Finance function for the specifics of merger and acquisition. \nDoes my client need this?\n\n•If they are undergoing or planning a merger or acquisition.\n\n\n\n\n\n CFO Advanced Analytics and Managed Insights \n\n\nTeams assist with finance challenges by developing and applying cutting-edge analytical solutions and capabilities to address our clients' issues. \nDoes my client need this?\n\n•If they are in need of tailored and innovative solutions for existing processes and to address complex challenges.\n CFOs Finance Executives Finance Function Leaders Controllers",
      "Type": "Sub-category"
    },
    {
      "@search.score": 2.1342454,
      "@search.highlights": {
        "Description": [
          "David Carney describes the role of digital <span style='background:yellow;display:inline'>finance</span> as the innovative edge of <span style='background:yellow;display:inline'>finance</span> transformation."
        ],
        "Name": [
          "Consulting - <span style='background:yellow;display:inline'>Finance</span>"
        ]
      },
      "Id": "118",
      "Name": "Consulting - Finance",
      "ImageURL": "/sites/DeloitteDoesThat/PublishingImages/Consulting%20-%20DC%20Finance%20-%20David%20Carney.jpg, \"https://sdnet2.hosting.deloitte.com/sites/DeloitteDoesThat/PublishingImages/Consulting%20-%20DC%20Finance%20-%20David%20Carney.jpg\"",
      "Description": "David Carney describes the role of digital finance as the innovative edge of finance transformation.",
      "BusinessFunction": "Consulting",
      "Category": "Strategy & Operations",
      "SubCategory": "Finance",
      "URL": "https://sdnet2.hosting.deloitte.com/sites/DeloitteDoesThat/Pages/Finance.aspx",
      "Keywords": "None",
      "Content": "None",
      "Type": "Video"
    },
    {
      "@search.score": 1.8030711,
      "@search.highlights": {
        "Name": [
          "Consulting - <span style='background:yellow;display:inline'>Finance</span>"
        ]
      },
      "Id": "119",
      "Name": "Consulting - Finance",
      "ImageURL": "/sites/DeloitteDoesThat/PublishingImages/Mini_Still_Would Robotics finance benefit my client.jpg, \"https://sdnet2.hosting.deloitte.com/sites/DeloitteDoesThat/PublishingImages/Mini_Still_Would Robotics finance benefit my client.jpg\"",
      "Description": "David Carney defines the word \"Robot\" in the context of financial transactions and knowledge work.",
      "BusinessFunction": "Consulting",
      "Category": "Strategy & Operations",
      "SubCategory": "Finance",
      "URL": "https://sdnet2.hosting.deloitte.com/sites/DeloitteDoesThat/Pages/Finance.aspx",
      "Keywords": "None",
      "Content": "None",
      "Type": "Video"
    },
    {
      "@search.score": 1.7121764,
      "@search.highlights": {
        "Description": [
          "Deloitte does that… through <span style='background:yellow;display:inline'>Finance</span> & Operations."
        ],
        "Name": [
          "<span style='background:yellow;display:inline'>Finance</span> & Operations"
        ]
      },
      "Id": "201",
      "Name": "Finance & Operations",
      "ImageURL": "None",
      "Description": "Transforming the way clients manage risk. Deloitte does that… through Finance & Operations.",
      "BusinessFunction": "Advisory",
      "Category": "Risk & Resilience",
      "SubCategory": "None",
      "URL": "https://sdnet2.hosting.deloitte.com/sites/DeloitteDoesThat/Pages/Finance_Operations.aspx",
      "Keywords": "Extended Enterprise Risk Management<br>Treasury<br>Commodity<br>Supply Chain<br>Software Asset Management<br>Healthcare Provider<br>Third Party Risk<br>Operational Risk<br>Financial Risk<br>Data Governance<br>Data Analytics<br>Finance and Operations<br>F&O",
      "Content": "Finance & Operations teams help clients enhance their business performance through the implementation of leading practice controls, processes, and technologies to better manage and optimize financial and operational risks. Those risks are typically associated with ongoing operations, external business relationships, compliance with new and existing regulations, market volatility, and corporate actions or events. \nOperations and Technology Transformation \n\n\nThe teams help clients transform the ways in which they leverage people, technology, data, business processes, and controls so they can address their operational and technology risks and drive business performance. \nDoes my client need this? \n\n•If they are struggling with aging infrastructure that slows their capabilities and ability to react to changing business conditions; if they are navigating increasing complex regulatory requirements and compliance mandates; or if they experience challenges in aggregating, segmenting, and categorizing data or in overall data governance and analysis.\n\n\n\n\n\n Treasury and Commodity Advisory Services\n\n\nThe teams help transform and globally scale clients' treasury and commodity trading capabilities. Their principal focus includes large company events such as M&A, finance transformation, and responses to regulatory requirements as well as changing market conditions arising from commodity and currency volatilities. \nDoes my client need this?\n\n•If they face challenges with global visibility and control of cash, concerns with global cash-flow or liquidity, or issues/concerns with management of foreign exchange. They may also need to address issues related to decentralized operations or M&A activity that prompt a focus on treasury capabilities, or they may be looking to take advantage of lower commodity prices for long-term profit sustainability.\n\n\n\n\n\n  Middle Revenue Cycle Advisory Services\n\n\nThe teams help healthcare systems from an analytical and clinical perspective to enhance revenue cycle performance, increase margins through revenue enhancement, and improve coding, reimbursement, care accuracy, and overall quality. \nDoes my client need this?\n\n• If they are health care plans or providers that are experiencing margin erosion or negative margins; have undergone business combinations/M&A activity or system implementations; or more generally have received significant patient complaints.\n\n\n\n\n\n Extended Enterprise Advisory Services \n\n\nThe teams help clients maximize the performance of their global third-party ecosystem, known as the extended enterprise, and achieve strategic business objectives. The teams help clients anticipate and manage exposures associated with third parties across the organization's full range of operations as well as optimize the value delivered by the third party ecosystem. \nDoes my client need this?\n\n•If they depend significantly on a large number of third parties for business operations and services that are critical, sensitive, and/or customer-facing\n\n\n\n\n\n Software Asset Management \n\n\nThe teams help clients optimize IT costs while limiting operational, financial, and legal risks arising from the ownership and use of software. They deliver these services through point-in-time solutions as well as ongoing managed service solutions. \nDoes my client need this?\n\n•If they lack a process to track and manage their software assets, want to undertake cost savings initiatives, or experience audits from software vendors that result in additional costs including fines paid.\n\n\n\n\n\n Supply Chain Risk Management \n\n\nThe teams enable clients to transform how they manage supply chain risks. They do this by designing supply chain risk management programs, enhancing global supply chain compliance capabilities, and delivering solutions to improve assurance and resilience of supply. \nDoes my client need this?\n\n•If they face increased supply chain resiliency risks due to expanded global sourcing, outsourcing, and co-manufacturing relationships; or if they have experienced supply chain events and disruptions that resulted in dissatisfied customers and significant impacts on shareholder and brand value.\n ",
      "Type": "Sub-category"
    },
    {
      "@search.score": 1.6848445,
      "@search.highlights": {
        "Description": [
          "Enhancing the value of <span style='background:yellow;display:inline'>finance</span> to an organization by delivering the breadth of the firm.",
          "Deloitte does that…through our cross-business <span style='background:yellow;display:inline'>Finance</span> Transformation services."
        ],
        "Name": [
          "<span style='background:yellow;display:inline'>Finance</span> Transformation"
        ]
      },
      "Id": "202",
      "Name": "Finance Transformation",
      "ImageURL": "None",
      "Description": "Enhancing the value of finance to an organization by delivering the breadth of the firm. Deloitte does that…through our cross-business Finance Transformation services.",
      "BusinessFunction": "Cross-Business",
      "Category": "None",
      "SubCategory": "None",
      "URL": "https://sdnet2.hosting.deloitte.com/sites/DeloitteDoesThat/Pages/Finance_Transformation.aspx",
      "Keywords": "New accounting standards <br>Revenue Recognition<br>ASC 606<br>CECL<br>IFRS 9<br>IFRS 15<br>IFRS 16<br>Internal Controls<br>Financial Reporting<br>Accounting Policy<br>Regulatory reporting and changes<br>IPO<br>Spin-Off <br>Carve out transactions<br>Purchase Accounting and Integration<br>Cost alignment<br>Profitability<br>Audit Readiness ",
      "Content": "Finance Transformation (FT) provides a set of offerings that assists CFOs and finance executives in driving business performance and shareholder value while also improving operational efficiency in the finance organization. FT brings together capabilities across Deloitte’s four businesses to deliver solutions that address complex finance challenges across all major industry sectors, including such issues as vision and strategy, organization and talent, business processes, and technology. \nFinance Strategies\n\n\nTeams identify, define and implement strategic choices for changing or improving the direction of the finance function. These choices and challenges include preparing for external market influences, such as an IPO, or managing through regulatory changes and troubled company events. Sub-offerings include finance strategy, capital management, IPO (Day 1) readiness, as well as events and turnarounds. \nDoes my client need this? \n\n•If they are navigating regulatory changes, going through M&A activity, hiring a new CFO, managing through a crisis, going public, or experiencing some other major shift requiring more than incremental change.\n\n\n\n\n\n Operational Finance\n\n\nTeams assist clients with designing, delivering, and optimizing their business transaction processes that are the foundational inputs for finance and other users of financial data. Sub-offerings include order to cash (O2C), procure to pay (P2P), close, consolidate, report (CCR), shared services design and implementation, and outsourcing design and implementation. \nDoes my client need this? \n\n•If they want to focus on their core financial operational processes such as order-to-cash, procure-to-pay, and more to enable top-line business strategies.\n\n\n\n\n\n Business Finance\n\n\nTeams evaluate the strategic finance processes that are critical to realizing business objectives across the organization. Sub-offerings include performance management, plan and manage the business, management information, and insight and driving decisions. \nDoes my client need this? \n\n•If they are looking to change or improve the direction of the finance function by preparing for external market influences, such as an IPO, or managing through regulatory changes and troubled company events.\n\n\n\n\n\n Specialized Finance\n\n\nTeams focus on the processes that reach across the enterprise and that require specialized expertise. Sub-offerings include accounting, treasury, tax, investor relations, and M&A finance. \nDoes my client need this? \n\n•If they need specialized experience in the context of finance transformation to support broader transformation efforts.\n\n\n\n\n\n Information and Systems\n\n\nTeams specialize in planning, managing, and implementing finance technology and data environments. Sub-offerings include finance data management, the implementation of ERP, performance management and ancillary systems, as well as analytics. \nDoes my client need this? \n\n•If they need a team that understand how information and systems connect back to core business strategies. Or if they need a new financial system implementation or upgrade.\n\n\n\n\n\n Organization and People\n\n\nTeam enable clients to design and implement a finance organization with the appropriate structure and capabilities to deliver the requisite finance processes. Sub-offerings include talent, design of service delivery models, organization design, and business partnering. \nDoes my client need this? \n\n•If they want to make change to the finance organization and its people - whether focused on talent, service delivery models, or organization design.\n\n\n\n\n\n Process and Policy\n\n\nTeams advise clients on developing and implementing a policy framework that provides a standardized and controlled environment in which to execute finance processes. Sub-offerings include internal audit and delegation of authority. \nDoes my client need this? \n\n•If they are operating within a chaotic environment and want to address finance governance and control challenges by developing and implementing a policy framework.\n CFOs Finance Executives",
      "Type": "Sub-category"
    },
    {
      "@search.score": 1.5270339,
      "@search.highlights": {
        "Description": [
          "Kristina Davis describes the <span style='background:yellow;display:inline'>Finance</span> & Operations solutions as falling into two broad categories."
        ],
        "Name": [
          "Advisory - <span style='background:yellow;display:inline'>Finance</span> & Operations"
        ]
      },
      "Id": "21",
      "Name": "Advisory - Finance & Operations",
      "ImageURL": "/sites/DeloitteDoesThat/PublishingImages/Mini_Still_How we help our clients.jpg, \"https://sdnet2.hosting.deloitte.com/sites/DeloitteDoesThat/PublishingImages/Mini_Still_How we help our clients.jpg\"",
      "Description": "Kristina Davis describes the Finance & Operations solutions as falling into two broad categories.",
      "BusinessFunction": "Advisory",
      "Category": "Risk & Resilience",
      "SubCategory": "Finance & Operations",
      "URL": "https://sdnet2.hosting.deloitte.com/sites/DeloitteDoesThat/Pages/Finance_Operations.aspx",
      "Keywords": "None",
      "Content": "None",
      "Type": "Video"
    },
    {
      "@search.score": 1.5270339,
      "@search.highlights": {
        "Description": [
          "Steve Ehrenhalt describes how we enhance the value of <span style='background:yellow;display:inline'>finance</span> to clients by delivering the breadth of the firm."
        ],
        "Name": [
          "Cross-Business - <span style='background:yellow;display:inline'>Finance</span> Transformation"
        ]
      },
      "Id": "159",
      "Name": "Cross-Business - Finance Transformation",
      "ImageURL": "/sites/DeloitteDoesThat/PublishingImages/040517_FT_Steven_Ehrenhalt.jpg, \"https://sdnet2.hosting.deloitte.com/sites/DeloitteDoesThat/PublishingImages/040517_FT_Steven_Ehrenhalt.jpg\"",
      "Description": "Steve Ehrenhalt describes how we enhance the value of finance to clients by delivering the breadth of the firm.",
      "BusinessFunction": "Cross-Business",
      "Category": "None",
      "SubCategory": "Finance Transformation",
      "URL": "https://sdnet2.hosting.deloitte.com/sites/DeloitteDoesThat/Pages/Finance_Transformation.aspx",
      "Keywords": "None",
      "Content": "None",
      "Type": "Video"
    },
    {
      "@search.score": 1.5270339,
      "@search.highlights": {
        "Description": [
          "Steve Ehrenhalt describes the benefits that the client looks to achieve when engaging <span style='background:yellow;display:inline'>Finance</span> Transformation."
        ],
        "Name": [
          "Cross-Business - <span style='background:yellow;display:inline'>Finance</span> Transformation"
        ]
      },
      "Id": "160",
      "Name": "Cross-Business - Finance Transformation",
      "ImageURL": "/sites/DeloitteDoesThat/PublishingImages/Mini_Still_What are the benefits.jpg, \"https://sdnet2.hosting.deloitte.com/sites/DeloitteDoesThat/PublishingImages/Mini_Still_What are the benefits.jpg\"",
      "Description": "Steve Ehrenhalt describes the benefits that the client looks to achieve when engaging Finance Transformation.",
      "BusinessFunction": "Cross-Business",
      "Category": "None",
      "SubCategory": "Finance Transformation",
      "URL": "https://sdnet2.hosting.deloitte.com/sites/DeloitteDoesThat/Pages/Finance_Transformation.aspx",
      "Keywords": "None",
      "Content": "None",
      "Type": "Video"
    },
    {
      "@search.score": 1.3396934,
      "@search.highlights": {
        "Name": [
          "Advisory - <span style='background:yellow;display:inline'>Finance</span> & Operations"
        ]
      },
      "Id": "20",
      "Name": "Advisory - Finance & Operations",
      "ImageURL": "/sites/DeloitteDoesThat/PublishingImages/Advisory%20-%20Finance%20Operations%20-%20Kristina%20Davis.jpg, \"https://sdnet2.hosting.deloitte.com/sites/DeloitteDoesThat/PublishingImages/Advisory%20-%20Finance%20Operations%20-%20Kristina%20Davis.jpg\"",
      "Description": "Kristina Davis talks about transforming the way our clients manage risk.",
      "BusinessFunction": "Advisory",
      "Category": "Risk & Resilience",
      "SubCategory": "Finance & Operations",
      "URL": "https://sdnet2.hosting.deloitte.com/sites/DeloitteDoesThat/Pages/Finance_Operations.aspx",
      "Keywords": "None",
      "Content": "None",
      "Type": "Video"
    },
    {
      "@search.score": 1.3396934,
      "@search.highlights": {
        "Name": [
          "Advisory - <span style='background:yellow;display:inline'>Finance</span> & Operations"
        ]
      },
      "Id": "22",
      "Name": "Advisory - Finance & Operations",
      "ImageURL": "/sites/DeloitteDoesThat/PublishingImages/Mini_Still_Marketplace trends.jpg, \"https://sdnet2.hosting.deloitte.com/sites/DeloitteDoesThat/PublishingImages/Mini_Still_Marketplace trends.jpg\"",
      "Description": "Kristina Davis discusses reliance on third parties and use of analytics as driving the need for our services.",
      "BusinessFunction": "Advisory",
      "Category": "Risk & Resilience",
      "SubCategory": "Finance & Operations",
      "URL": "https://sdnet2.hosting.deloitte.com/sites/DeloitteDoesThat/Pages/Finance_Operations.aspx",
      "Keywords": "None",
      "Content": "None",
      "Type": "Video"
    },
    {
      "@search.score": 1.1600213,
      "@search.highlights": {
        "Description": [
          "Steve Ehrenhalt describes significant new challenges for the <span style='background:yellow;display:inline'>finance</span> organization in the new digital world."
        ],
        "Name": [
          "Cross-Business - <span style='background:yellow;display:inline'>Finance</span> Transformation"
        ]
      },
      "Id": "161",
      "Name": "Cross-Business - Finance Transformation",
      "ImageURL": "/sites/DeloitteDoesThat/PublishingImages/Mini_Still_What's the biggest issue.jpg, \"https://sdnet2.hosting.deloitte.com/sites/DeloitteDoesThat/PublishingImages/Mini_Still_What's the biggest issue.jpg\"",
      "Description": "Steve Ehrenhalt describes significant new challenges for the finance organization in the new digital world.",
      "BusinessFunction": "Cross-Business",
      "Category": "None",
      "SubCategory": "Technology Strategy & Architecture",
      "URL": "https://sdnet2.hosting.deloitte.com/sites/DeloitteDoesThat/Pages/Technology_Strategy_Architecture.aspx",
      "Keywords": "None",
      "Content": "None",
      "Type": "Video"
    },
    {
      "@search.score": 1.0555712,
      "@search.highlights": {
        "Description": [
          "M&A <span style='background:yellow;display:inline'>Finance</span>"
        ]
      },
      "Id": "319",
      "Name": "Nnamdi Lowrie",
      "ImageURL": "https://people.m.us.deloitte.com/o/Photos/Profile/nlowrie_MThumb_S",
      "Description": "M&A Finance",
      "BusinessFunction": "Consulting",
      "Category": "Strategy & Operations",
      "SubCategory": "Finance",
      "URL": "https://people.deloitteresources.com/profile/nlowrie",
      "Keywords": "None",
      "Content": "None",
      "Type": "Contact"
    },
    {
      "@search.score": 0.96190095,
      "@search.highlights": {
        "Description": [
          "<span style='background:yellow;display:inline'>Finance</span> Service Delivery Model"
        ]
      },
      "Id": "85",
      "Name": "Brad Smith",
      "ImageURL": "https://people.m.us.deloitte.com/o/Photos/Profile/brasmith_MThumb_S",
      "Description": "Finance Service Delivery Model",
      "BusinessFunction": "Consulting",
      "Category": "Strategy & Operations",
      "SubCategory": "Finance",
      "URL": "https://people.deloitteresources.com/profile/brasmith",
      "Keywords": "None",
      "Content": "None",
      "Type": "Contact"
    },
    {
      "@search.score": 0.96190095,
      "@search.highlights": {
        "Description": [
          "<span style='background:yellow;display:inline'>Finance</span> Operations Improvement"
        ]
      },
      "Id": "292",
      "Name": "Matt Soderberg",
      "ImageURL": "https://people.m.us.deloitte.com/o/Photos/Profile/msoderberg_MThumb_S",
      "Description": "Finance Operations Improvement",
      "BusinessFunction": "Consulting",
      "Category": "Strategy & Operations",
      "SubCategory": "Finance",
      "URL": "https://people.deloitteresources.com/profile/msoderberg",
      "Keywords": "None",
      "Content": "None",
      "Type": "Contact"
    },
    {
      "@search.score": 0.9544341,
      "@search.highlights": {
        "Description": [
          "Modernizing our client’s <span style='background:yellow;display:inline'>finance</span>, supply chain and procurement processes with Oracle Cloud ERP."
        ]
      },
      "Id": "322",
      "Name": "Oracle Enterprise Solutions",
      "ImageURL": "None",
      "Description": "Modernizing our client’s finance, supply chain and procurement processes with Oracle Cloud ERP. Deloitte does that…through Oracle Enterprise Solutions.",
      "BusinessFunction": "Consulting",
      "Category": "DC Technology",
      "SubCategory": "None",
      "URL": "https://sdnet2.hosting.deloitte.com/sites/DeloitteDoesThat/Pages/Oracle_Enterprise_Solutions.aspx",
      "Keywords": "ERP<br>Oracle<br>Finance",
      "Content": "Deloitte is a recognized leader in Oracle business transformation and implementation services. As the first Global Cloud Elite partner, Deloitte solves business issues in over 19 industry sectors. Teams enable clients to drive performance improvement by integrating process and technology solutions. Deloitte’s 20,000+ professionals around the world possess deep knowledge across Oracle’s applications and technology, and can help clients design, build, and optimize their internal IT investment. \nCore Transformation \n\n\nTeams assist clients by modernizing and transforming core systems through upgrades, operation consolidations, and re-platforming solutions to ultimately remove barriers to scale and performance. Teams deliver Oracle-based applications such as: Oracle Cloud ERP, EBS, JD Edwards, and PeopleSoft to help support the transformation process. \nDoes my client need this?\n\n• If they are looking to transform and modernize their existing Oracle foundation solutions and/or other ERPs to achieve business goals.\n\n\n\n\n\nCloud Finance Transformation\n\n\nTeams help clients by transforming back office business and IT operations through the leveraging of digital technologies. They further assist clients in transforming their financial processes through the use of digital technologies such as Cloud computing, Software as a Service (SaaS), big data, mobility and collaboration. \nDoes my client need this?\n\n•If they are CFOs and financial executives tasked with improving business performance and shareholder value in addition to improving operational effectiveness.\n\n\n\n\n\nCloud Strategy Services\n\n\nWith a focus on industry solutions, professionals deliver a comprehensive assessment framework to evaluate Cloud adoptability and a future roadmap enabled by Oracle's Cloud products. \nDoes my client need this?\n\n•If they need help in defining an industry-focused path to Cloud adoptability and a future roadmap enabled by Oracle's Cloud products.\n\n\n\n\n\nPlatform Transformation Services & Strategy (PaaS/Tech)\n\n\nTeams help clients rethink their customer and stakeholder platform experiences. They develop strategies to transform clients' infrastructure, services, and tools, from a traditional to a Cloud platform. For clients, the results are simplified technology with lower cost and streamlined operations. \nDoes my client need this?\n\n•If they need help in developing strategies to transform infrastructure, services, and tools, from a traditional to a Cloud platform.\n\n\n\n\n\nMergers & Acquisitions as a Service\n\n\nDeloitte and Oracle have collaborated over the past decade to formulate an M&A framework to help clients realize M&A related synergies much faster and at a lower cost. Drawing on insights from thousands of projects, Deloitte accelerates the M&A lifecycle by leveraging IntegrationPrint, DivestiturePrint, and M&A - ready Cloud architecture models. \nDoes my client need this?\n\n• If they need a framework to realize M&A related synergies at an accelerated pace and at a lower cost.\n\n\n\n\n\nSolutionPrint™ Pre-configured Solutions \n\n\nSolutionPrint™ pre-configured solutions speed time to value, improve affordability, and enhance the quality of industry-specific solutions running on Oracle technologies. These pre-configured solutions deliver a comprehensive delivery toolset to help clients: implement Oracle technologies, mitigate risks, decrease deployment time, and improve the affordability of Oracle–based solutions. \n\n\n\n\nCloud Enabled Supply-Chain Management\n\n\nTeams address supply-chain challenges through technology solutions that include: logistics and distribution, manufacturing, product innovation and lifecycle management, sourcing and procurement, and supply-chain strategy and planning. \nDoes my client need this?\n\n• If they are evaluating how to deliver supply chain results aligned with the company's business goals by leveraging cutting edge digital and Cloud technologies.\n\n\n\n\n\nOracle Revenue Management Cloud\n\n\nTeams deploy a centralized, automated revenue management product that helps organizations address the new accounting standards. Oracle Revenue Management Cloud offers robust functionality to facilitate this transition, and it integrates with Oracle E-Business Suite or Oracle ERP Cloud. \nDoes my client need this?\n\n• If they need help in understanding and transitioning to the new accounting standards for revenue recognition.\n CFOs CIOs Chief Technology Officers VPs, Finance VPs, Technology VPs, Supply Chain ",
      "Type": "Sub-category"
    },
    {
      "@search.score": 0.9150659,
      "@search.highlights": {
        "Description": [
          "National Service Line Leader, <span style='background:yellow;display:inline'>Finance</span>"
        ]
      },
      "Id": "179",
      "Name": "David Carney",
      "ImageURL": "https://people.m.us.deloitte.com/o/Photos/Profile/dcarney_MThumb_S",
      "Description": "National Service Line Leader, Finance",
      "BusinessFunction": "Consulting",
      "Category": "Strategy & Operations",
      "SubCategory": "Finance",
      "URL": "https://people.deloitteresources.com/profile/dcarney",
      "Keywords": "None",
      "Content": "None",
      "Type": "Contact"
    },
    {
      "@search.score": 0.86823076,
      "@search.highlights": {
        "Description": [
          "Offering Lead, Digital <span style='background:yellow;display:inline'>Finance</span>, Business Partnering / FP&A"
        ]
      },
      "Id": "64",
      "Name": "Anton Sher",
      "ImageURL": "https://people.m.us.deloitte.com/o/Photos/Profile/ansher_MThumb_S",
      "Description": "Offering Lead, Digital Finance, Business Partnering / FP&A",
      "BusinessFunction": "Consulting",
      "Category": "Strategy & Operations",
      "SubCategory": "Finance",
      "URL": "https://people.deloitteresources.com/profile/ansher",
      "Keywords": "None",
      "Content": "None",
      "Type": "Contact"
    },
    {
      "@search.score": 0.7416935,
      "@search.highlights": {
        "Description": [
          "US S&O <span style='background:yellow;display:inline'>Finance</span>"
        ]
      },
      "Id": "180",
      "Name": "David Carney",
      "ImageURL": "https://people.m.us.deloitte.com/o/Photos/Profile/dcarney_MThumb_S",
      "Description": "US S&O Finance",
      "BusinessFunction": "Cross-Business",
      "Category": "None",
      "SubCategory": "Finance Transformation",
      "URL": "https://people.deloitteresources.com/profile/dcarney",
      "Keywords": "None",
      "Content": "None",
      "Type": "Contact"
    },
    {
      "@search.score": 0.6948583,
      "@search.highlights": {
        "Description": [
          "<span style='background:yellow;display:inline'>Finance</span> & Operations Market Offering Leader"
        ]
      },
      "Id": "267",
      "Name": "Krissy Davis",
      "ImageURL": "https://people.m.us.deloitte.com/o/Photos/Profile/kbdavis_MThumb_S",
      "Description": "Finance & Operations Market Offering Leader",
      "BusinessFunction": "Advisory",
      "Category": "Risk & Resilience",
      "SubCategory": "Finance & Operations",
      "URL": "https://people.deloitteresources.com/profile/kbdavis",
      "Keywords": "None",
      "Content": "None",
      "Type": "Contact"
    },
    {
      "@search.score": 0.64802325,
      "@search.highlights": {
        "Description": [
          "COE <span style='background:yellow;display:inline'>Finance</span> Transformation Leader"
        ]
      },
      "Id": "221",
      "Name": "Jan De Keyser",
      "ImageURL": "https://people.m.us.deloitte.com/o/Photos/Profile/jdekeyser_MThumb_S",
      "Description": "Global and U.S. COE Finance Transformation Leader",
      "BusinessFunction": "Cross-Business",
      "Category": "None",
      "SubCategory": "Finance Transformation",
      "URL": "https://people.deloitteresources.com/profile/jdekeyser",
      "Keywords": "None",
      "Content": "None",
      "Type": "Contact"
    },
    {
      "@search.score": 0.64802325,
      "@search.highlights": {
        "Description": [
          "<span style='background:yellow;display:inline'>Finance</span> Transformation IMO Leader"
        ]
      },
      "Id": "371",
      "Name": "Steven Ehrenhalt",
      "ImageURL": "https://people.m.us.deloitte.com/o/Photos/Profile/hehrenhalt_MThumb_S",
      "Description": "Global and U.S. Finance Transformation IMO Leader",
      "BusinessFunction": "Cross-Business",
      "Category": "None",
      "SubCategory": "Finance Transformation",
      "URL": "https://people.deloitteresources.com/profile/hehrenhalt",
      "Keywords": "None",
      "Content": "None",
      "Type": "Contact"
    },
    {
      "@search.score": 0.5872201,
      "Id": "6",
      "Name": "Adrian Tay",
      "ImageURL": "https://people.m.us.deloitte.com/o/Photos/Profile/adtay_MThumb_S",
      "Description": "CFO Advanced Analytics and Managed Insights",
      "BusinessFunction": "Consulting",
      "Category": "Strategy & Operations",
      "SubCategory": "Finance",
      "URL": "https://people.deloitteresources.com/profile/adtay",
      "Keywords": "None",
      "Content": "None",
      "Type": "Contact"
    },
    {
      "@search.score": 0.5872201,
      "Id": "51",
      "Name": "Amy Feirn",
      "ImageURL": "https://people.m.us.deloitte.com/o/Photos/Profile/afeirn_MThumb_S",
      "Description": "National Managing Director, Strategy and Operations",
      "BusinessFunction": "Consulting",
      "Category": "Strategy & Operations",
      "SubCategory": "Finance",
      "URL": "https://people.deloitteresources.com/profile/afeirn",
      "Keywords": "None",
      "Content": "None",
      "Type": "Contact"
    },
    {
      "@search.score": 0.5872201,
      "Id": "370",
      "Name": "Steven Ehrenhalt",
      "ImageURL": "https://people.m.us.deloitte.com/o/Photos/Profile/hehrenhalt_MThumb_S",
      "Description": "CFO Strategies",
      "BusinessFunction": "Consulting",
      "Category": "Strategy & Operations",
      "SubCategory": "Finance",
      "URL": "https://people.deloitteresources.com/profile/hehrenhalt",
      "Keywords": "None",
      "Content": "None",
      "Type": "Contact"
    },
    {
      "@search.score": 0.3746809,
      "@search.highlights": {
        "Description": [
          "<span style='background:yellow;display:inline'>Finance</span> M&A Services"
        ]
      },
      "Id": "412",
      "Name": "Will Tarry",
      "ImageURL": "https://people.m.us.deloitte.com/o/Photos/Profile/wtarry_MThumb_S",
      "Description": "Finance M&A Services",
      "BusinessFunction": "Consulting",
      "Category": "Strategy & Operations",
      "SubCategory": "Mergers & Acquisitions",
      "URL": "https://people.deloitteresources.com/profile/wtarry",
      "Keywords": "None",
      "Content": "None",
      "Type": "Contact"
    },
    {
      "@search.score": 0.36701256,
      "Id": "63",
      "Name": "Anthony Waelter",
      "ImageURL": "https://people.m.us.deloitte.com/o/Photos/Profile/awaelter_MThumb_S",
      "Description": "Advisory – Controllership",
      "BusinessFunction": "Cross-Business",
      "Category": "None",
      "SubCategory": "Finance Transformation",
      "URL": "https://people.deloitteresources.com/profile/awaelter",
      "Keywords": "None",
      "Content": "None",
      "Type": "Contact"
    },
    {
      "@search.score": 0.36701256,
      "Id": "169",
      "Name": "Cross-Business - Service Delivery Transformation",
      "ImageURL": "/sites/DeloitteDoesThat/PublishingImages/Mini_Still_Marketplace trends.jpg, \"https://sdnet2.hosting.deloitte.com/sites/DeloitteDoesThat/PublishingImages/Mini_Still_Marketplace trends.jpg\"",
      "Description": "Jean White discusses two major trends in the marketplace - automation and global business services.",
      "BusinessFunction": "Cross-Business",
      "Category": "None",
      "SubCategory": "Finance Transformation",
      "URL": "https://sdnet2.hosting.deloitte.com/sites/DeloitteDoesThat/Pages/Finance_Transformation.aspx",
      "Keywords": "None",
      "Content": "None",
      "Type": "Video"
    },
    {
      "@search.score": 0.36701256,
      "Id": "190",
      "Name": "Earl Stone",
      "ImageURL": "https://people.m.us.deloitte.com/o/Photos/Profile/eastone_MThumb_S",
      "Description": "Audit",
      "BusinessFunction": "Cross-Business",
      "Category": "None",
      "SubCategory": "Finance Transformation",
      "URL": "https://people.deloitteresources.com/profile/eastone",
      "Keywords": "None",
      "Content": "None",
      "Type": "Contact"
    },
    {
      "@search.score": 0.36701256,
      "Id": "199",
      "Name": "Faisal Shaikh",
      "ImageURL": "https://people.m.us.deloitte.com/o/Photos/Profile/fshaikh_MThumb_S",
      "Description": "Business Model Transformation",
      "BusinessFunction": "Cross-Business",
      "Category": "None",
      "SubCategory": "Finance Transformation",
      "URL": "https://people.deloitteresources.com/profile/fshaikh",
      "Keywords": "None",
      "Content": "None",
      "Type": "Contact"
    },
    {
      "@search.score": 0.36701256,
      "Id": "208",
      "Name": "Girija Krishnamurthy",
      "ImageURL": "https://people.m.us.deloitte.com/o/Photos/Profile/gkrishnamurthy_MThumb_S",
      "Description": "Oracle",
      "BusinessFunction": "Cross-Business",
      "Category": "None",
      "SubCategory": "Finance Transformation",
      "URL": "https://people.deloitteresources.com/profile/gkrishnamurthy",
      "Keywords": "None",
      "Content": "None",
      "Type": "Contact"
    },
    {
      "@search.score": 0.36701256,
      "Id": "234",
      "Name": "Jessica Bier",
      "ImageURL": "https://people.m.us.deloitte.com/o/Photos/Profile/jbier_MThumb_S",
      "Description": "Human Capital",
      "BusinessFunction": "Cross-Business",
      "Category": "None",
      "SubCategory": "Finance Transformation",
      "URL": "https://people.deloitteresources.com/profile/jbier",
      "Keywords": "None",
      "Content": "None",
      "Type": "Contact"
    },
    {
      "@search.score": 0.36701256,
      "Id": "245",
      "Name": "John Steele",
      "ImageURL": "https://people.m.us.deloitte.com/o/Photos/Profile/johnsteele_MThumb_S",
      "Description": "SAP Solutions",
      "BusinessFunction": "Cross-Business",
      "Category": "None",
      "SubCategory": "Finance Transformation",
      "URL": "https://people.deloitteresources.com/profile/johnsteele",
      "Keywords": "None",
      "Content": "None",
      "Type": "Contact"
    },
    {
      "@search.score": 0.36701256,
      "Id": "257",
      "Name": "Keith Pfromer",
      "ImageURL": "https://people.m.us.deloitte.com/o/Photos/Profile/kpfromer_MThumb_S",
      "Description": "Federal",
      "BusinessFunction": "Cross-Business",
      "Category": "None",
      "SubCategory": "Finance Transformation",
      "URL": "https://people.deloitteresources.com/profile/kpfromer",
      "Keywords": "None",
      "Content": "None",
      "Type": "Contact"
    },
    {
      "@search.score": 0.36701256,
      "Id": "259",
      "Name": "Kelly Herod",
      "ImageURL": "https://people.m.us.deloitte.com/o/Photos/Profile/keherod_MThumb_S",
      "Description": "SAP Solutions",
      "BusinessFunction": "Cross-Business",
      "Category": "None",
      "SubCategory": "Finance Transformation",
      "URL": "https://people.deloitteresources.com/profile/keherod",
      "Keywords": "None",
      "Content": "None",
      "Type": "Contact"
    },
    {
      "@search.score": 0.36701256,
      "Id": "280",
      "Name": "Mark Lazzaro",
      "ImageURL": "https://people.m.us.deloitte.com/o/Photos/Profile/mlazzaro_MThumb_S",
      "Description": "Tax",
      "BusinessFunction": "Cross-Business",
      "Category": "None",
      "SubCategory": "Finance Transformation",
      "URL": "https://people.deloitteresources.com/profile/mlazzaro",
      "Keywords": "None",
      "Content": "None",
      "Type": "Contact"
    },
    {
      "@search.score": 0.36701256,
      "Id": "291",
      "Name": "Matt Schwenderman",
      "ImageURL": "https://people.m.us.deloitte.com/o/Photos/Profile/mschwenderman_MThumb_S",
      "Description": "AIM & other Technology",
      "BusinessFunction": "Cross-Business",
      "Category": "None",
      "SubCategory": "Finance Transformation",
      "URL": "https://people.deloitteresources.com/profile/mschwenderman",
      "Keywords": "None",
      "Content": "None",
      "Type": "Contact"
    },
    {
      "@search.score": 0.36701256,
      "Id": "317",
      "Name": "Niklas Bergentoft",
      "ImageURL": "https://people.m.us.deloitte.com/o/Photos/Profile/nbergentoft_MThumb_S",
      "Description": "Advisory – Treasury",
      "BusinessFunction": "Cross-Business",
      "Category": "None",
      "SubCategory": "Finance Transformation",
      "URL": "https://people.deloitteresources.com/profile/nbergentoft",
      "Keywords": "None",
      "Content": "None",
      "Type": "Contact"
    },
    {
      "@search.score": 0.36701256,
      "Id": "352",
      "Name": "Scott Gauch",
      "ImageURL": "https://people.m.us.deloitte.com/o/Photos/Profile/sgauch_MThumb_S",
      "Description": "Risk & Resilience, Market Segment Leader",
      "BusinessFunction": "Advisory",
      "Category": "Risk & Resilience",
      "SubCategory": "Finance & Operations",
      "URL": "https://people.deloitteresources.com/profile/sgauch",
      "Keywords": "None",
      "Content": "None",
      "Type": "Contact"
    },
    {
      "@search.score": 0.312975,
      "Id": "1",
      "Name": "Accounting & Reporting Transformation",
      "ImageURL": "None",
      "Description": "Helping our clients achieve world-class controllership by designing, building, and implementing capabilities that make the controllership function more proficient, effective, and insightful. Deloitte does that… through Accounting & Reporting Transformation.",
      "BusinessFunction": "Advisory",
      "Category": "Financial Transactions",
      "SubCategory": "None",
      "URL": "https://sdnet2.hosting.deloitte.com/sites/DeloitteDoesThat/Pages/Accounting_Reporting_Transformation.aspx",
      "Keywords": "Extended Enterprise Risk Management<br>Treasury<br>Commodity<br>Supply Chain<br>Software Asset Management<br>Healthcare Provider<br>Third Party Risk<br>Operational Risk<br>Financial Risk<br>Data Governance<br>Data Analytics<br>Finance and Operations<br>F&O",
      "Content": "Whether the client needs to adopt and maintain compliance with complex accounting requirements, improve core financial close and reporting systems, processes, and controls, manage through significant business events and transactions, or enhance cost and profitability management, the Accounting & Reporting Transformation team can help.\n \nAccounting and Reporting Advisory\n\n\nTeams assist companies with understanding, operationalizing, and assessing the impact of complex accounting and reporting changes. These needs are typically the result of shifting regulations, new accounting standards, changes to business structure, and/or capital market transactions. \nDoes my client need this? \n\n•  If they have received or face the risk of regulator comments or just need help in understanding and operationalizing new accounting standards and financial reporting requirements.\n\n\n\n\n\n Cost Transparency and Alignment\n\n\nTeams improve decision making and risk management by sharpening visibility and providing deeper insights into product, service, and overhead costs. They do this by aligning costing methods, data, and systems to enhance reporting and analytics. \nDoes my client need this?\n\n• If they want to enhance cost awareness or transparency, improve service and product profitability and have greater confidence in the underlying data and analysis that informs their critical business decisions.\n\n\n\n\n\n Financial Integrity \n\n\nTeams help companies achieve financial integrity and efficiency by leveraging key enablers including organizational structure, process and policy, data, and systems. These serve to address complex issues within the \"record to report\" cycle including: automation of key areas and assessment, implementation, and remediation of internal controls. \nDoes my client need this?\n\n• If they need help resolving complex issues related to finance governance, structure and organization, process and controls, and systems and data to make their processes more reliable, effective, and efficient.\n\n\n\n\n\n Integration, Divestitures and Readiness \n\n\nTeams assist companies with end-to-end transactional accounting support. They provide an array of advisory services, including process integration and financial reporting support, which help companies meet the accounting and reporting challenges that arise from business transactions. \nDoes my client need this?\n\n• If they are integrating finance and accounting functions, carving-out or spinning off a business unit, contemplating an IPO, or facing process and reporting challenges that arise from a specific business transaction.\n CFOs VPs or Directors of Finance Chief Accounting Officers Controllers/Comptrollers Finance Leaders of Business Units Operations Finance/Financial Planning & Analysis",
      "Type": "Sub-category"
    },
    {
      "@search.score": 0.20197754,
      "Id": "356",
      "Name": "Securitization",
      "ImageURL": "None",
      "Description": "Enabling companies to tap the capital markets and manage complex financial transactions. Deloitte does that…through Securitization services.",
      "BusinessFunction": "Advisory",
      "Category": "Financial Transactions",
      "SubCategory": "None",
      "URL": "https://sdnet2.hosting.deloitte.com/sites/DeloitteDoesThat/Pages/Securitization.aspx",
      "Keywords": "Securitisation<br>Technology<br>Fintech&nbsp; <br>ABCP Suite<br>ABS Suite<br>Cascade Suite<br>Compliance Suite<br>Surveillance Suite<br>Solvas<br>Mortgage-backed<br>Asset backed securities and ABS<br>Structured Product<br>ALLL<br>CECL<br>Collateralized Loan Obligation and CLO<br>Syndicated Loan<br>Software<br>TDR<br>Mutual Fund Modernization<br>Asset Backed Finance and ABF<br>",
      "Content": "Entering into a new or complex financial transaction presents unique challenges for companies as they need to address financial reporting requirements and regulatory compliance. Deloitte’s Securitization professionals assist organizations as they look to tap the capital markets. In addition, teams offer an array of technology solutions that support issuers, investors, and third party market participants. Teams also remain active in reviewing and influencing policy and regulatory changes that impact the securitization market thanks to their ongoing involvement in industry discussions and initiatives.\n \nTransaction Services \n\n\nTeams provide transactional services that support companies accessing the capital markets through securitization. \nDoes my client need this? \n\n• If they are raising capital through securities issuances and/or require accounting standards and regulation guidance for frequent and new market entries.\n\n\n\n\n\n Financial Technology Software and Services \n\n\nTeams offer a range of financial technology software and services to address the administration, accounting, compliance, and surveillance demands of today's markets. \nDoes my client need this?\n\n• If they use financial technology software to increase efficiency and boost performance.\n CFOs CEOs CIOs Chief Information Security Officers Vice Presidents Directors/Managing Directors Bankers and Traders Treasurers/Controllers Compliance Leads Risk Management Officers IT Management Leaders ",
      "Type": "Sub-category"
    },
    {
      "@search.score": 0.18734045,
      "@search.highlights": {
        "Description": [
          "Anthony Waelter describes how we help our clients build world-class <span style='background:yellow;display:inline'>finance</span> and controllership capabilities."
        ]
      },
      "Id": "7",
      "Name": "Advisory - Accounting & Reporting Transformation",
      "ImageURL": "/sites/DeloitteDoesThat/PublishingImages/Advisory%20-%20Accounting%20Reporting%20Transformation%20-%20Anthony%20Waelter.jpg, \"https://sdnet2.hosting.deloitte.com/sites/DeloitteDoesThat/PublishingImages/Advisory%20-%20Accounting%20Reporting%20Transformation%20-%20Anthony%20Waelter.jpg\"",
      "Description": "Anthony Waelter describes how we help our clients build world-class finance and controllership capabilities.",
      "BusinessFunction": "OtherFunction",
      "Category": "None",
      "SubCategory": "OtherSubcategory",
      "URL": "None",
      "Keywords": "None",
      "Content": "None",
      "Type": "Video"
    },
    {
      "@search.score": 0.18734045,
      "@search.highlights": {
        "Description": [
          "David Buck explains how we solve clients' most pressing issues around HR, <span style='background:yellow;display:inline'>finance</span> and risk management."
        ]
      },
      "Id": "100",
      "Name": "Consulting - Actuarial, Reward & Analytics",
      "ImageURL": "/sites/DeloitteDoesThat/PublishingImages/040317_David_Buck.jpg, \"https://sdnet2.hosting.deloitte.com/sites/DeloitteDoesThat/PublishingImages/040317_David_Buck.jpg\"",
      "Description": "David Buck explains how we solve clients' most pressing issues around HR, finance and risk management.",
      "BusinessFunction": "Consulting",
      "Category": "Human Capital",
      "SubCategory": "Actuarial, Rewards & Analytics",
      "URL": "https://sdnet2.hosting.deloitte.com/sites/DeloitteDoesThat/Pages/Actuarial_Reward_Analytics.aspx",
      "Keywords": "None",
      "Content": "None",
      "Type": "Video"
    },
    {
      "@search.score": 0.18734045,
      "@search.highlights": {
        "Description": [
          "Roxana Rascoe describes how we modernize our clients' <span style='background:yellow;display:inline'>finance</span>, supply chain and procurement processes."
        ]
      },
      "Id": "129",
      "Name": "Consulting - Oracle Enterprise Solutions",
      "ImageURL": "/sites/DeloitteDoesThat/PublishingImages/040617_OES_Roxana.jpg, \"https://sdnet2.hosting.deloitte.com/sites/DeloitteDoesThat/PublishingImages/040617_OES_Roxana.jpg\"",
      "Description": "Roxana Rascoe describes how we modernize our clients' finance, supply chain and procurement processes.",
      "BusinessFunction": "Consulting",
      "Category": "DC Technology",
      "SubCategory": "Oracle Enterprise Solutions",
      "URL": "https://sdnet2.hosting.deloitte.com/sites/DeloitteDoesThat/Pages/Oracle_Enterprise_Solutions.aspx",
      "Keywords": "None",
      "Content": "None",
      "Type": "Video"
    },
    {
      "@search.score": 0.08022966,
      "Id": "150",
      "Name": "Corporate Restructuring",
      "ImageURL": "None",
      "Description": "Helping organizations convert periods of financial difficulty into opportunities for rejuvenation. Deloitte does that…through Corporate Restructuring services.",
      "BusinessFunction": "Advisory",
      "Category": "Financial Transactions",
      "SubCategory": "None",
      "URL": "https://sdnet2.hosting.deloitte.com/sites/DeloitteDoesThat/Pages/Corporate_Restructuring.aspx",
      "Keywords": "CRG<br>Corporate Restructuring <br>Insolvency <br>Chapter 11<br>Chapter 7<br>Bankruptcy <br>Restructuring<br>Turnaround <br>Interim Management<br>Lender",
      "Content": "\nDeloitte Corporate Restructuring Group helps organizations transform periods of financial difficulty or crisis into opportunities for rejuvenation. Teams leverage a global full service platform, in-depth experience, and industry expertise to provide valuable foresight and achieve favorable outcomes for clients, their creditors, and equity holders.\n\nWhether the goal is to enhance the performance of a healthy company or guide stakeholders through a complex bankruptcy reorganization, the team works closely with the client to quickly understand their business and their most urgent issues in order to advise them on how to move ahead with confidence.\n \nLender/Creditor Advisory Services \n\n\n\nTeams assist creditors in evaluating various restructuring options related to distressed bank, bond, trade, and unsecured claims. They deliver broad industry and insolvency knowledge to provide financial and operational guidance and support to maximize their recovery. Key areas of focus include: business plan assessment, liquidity management and cash forecasting, balance sheet restructuring, financial modeling, debt refinancing, and contingency planning.\n\nDoes my client need this? \n\n• If they are a lender or creditor to a distressed organization in need of financial assessments, business plan development, cash forecasting, working capital requirements, debt restructuring, contingency planning and/or alternative financing.\n\n\n\n\n\nCompany Advisory Services \n\n\n\nTeams assist organizations experiencing financial and/or operational distress in identifying alternative strategies for stabilization and transformation. By providing objective analysis and actionable advice, teams create value added outcomes for clients and stakeholders, as well as provide referral sources. Specific capabilities include: turnaround, interim management, Chief Restructuring Officer (CRO) services, performance improvement, crisis management, managed exit, restructuring advisory, and bankruptcy advisory.\n\nDoes my client need this?\n\n•If they are a lender or creditor to a distressed organization in need of financial assessments, business plan development, cash forecasting, working capital requirements, debt restructuring, contingency planning, and/or alternative financing.\n CEOs COOs CFOs Chief Restructuring Officers Board of Directors General Counsel, Law Firms Lenders, Alternative Investors",
      "Type": "Sub-category"
    },
    {
      "@search.score": 0.07369565,
      "Id": "295",
      "Name": "Mergers, Acquisitions & Divestitures",
      "ImageURL": "None",
      "Description": "Providing value across the entire deal lifecycle, from strategy to execution, integration, or divestiture. Deloitte does that…through Advisory's Mergers, Acquisitions & Divestitures services.",
      "BusinessFunction": "Advisory",
      "Category": "Financial Transactions",
      "SubCategory": "None",
      "URL": "https://sdnet2.hosting.deloitte.com/sites/DeloitteDoesThat/Pages/Mergers_Acquisitions_Divestitures.aspx",
      "Keywords": "M&A<br>Corporate Strategy <br>Divestiture<br>Due Diligence<br>Execution<br>Acquisition<br>Merger<br>",
      "Content": "\nDeloitte’s Mergers, Acquisitions & Divestitures team provides strategic advisory services and advice to help corporate, entrepreneurial, and private equity clients create and execute on opportunities for liquidity, growth, and long-term advantage.\n\nWith an in-depth understanding of the marketplace and access to a global network of investment bankers, teams help clients confidently pursue strategic transactions in both domestic and global markets - with management of the entire M&A lifecycle.\n \nCorporate Finance \n\n\nCorporate Finance (DCF) teams provide strategic and M&A advice to help corporate, entrepreneurial, and private equity clients create and execute on opportunities for liquidity, growth, and long-term advantage in both domestic and global markets. \nDoes my client need this? \n\n• If they are looking to understand and implement strategic alternatives, whether accelerated growth via acquisition, or a full or partial exit from non-core divisions or the entire enterprise. Or if they are considering liquidity alternatives, either to finance acquisitions, recapitalize the balance sheet, distribute capital to shareholders, or a combination of the above.\n\n\n\n\n\n Accounting Advisory  \n\n\nTeams assist organizations with navigating and addressing the complexities and varying degrees of risk inherent in acquisition and divestiture transactions. \nDoes my client need this?\n\n•If they are going through an acquisition, divestiture or IPO with significant impact on the company's financial accounting and reporting, and have a need for purchase and sale accounting, basis of accounting, SEC reporting, and internal controls among other services.\n\n\n\n\n\n Buy-Side Services - Corporate Buyers \n\n\nTeams offer comprehensive support for the acquisition life cycle, ranging from financial and accounting, tax, human capital, commercial and IT due diligence, as well as structuring to post-deal working capital and purchase price adjustment. \nDoes my client need this?\n\n•If they have experienced a high level of recent M&A activity, have hired investment bankers or face significant regulatory changes that would be to the advantage of larger companies in that industry-- allowing for increased vertical integration in that industry-- or that would reduce geographic barriers to expansion.\n\n\n\n\n\n Buy Side Services - Private Equity Investors \n\n\nDeloitte offers comprehensive support for the investment lifecycle, ranging from financial, tax, human capital, commercial, and IT due diligence to post-deal working capital and purchase price adjustment. Portfolio company support includes audit and tax, as well as a wide range of consultative services (subject to independence) such as systems, cost reduction, stand-alone/Day 1 readiness for carve-out deals, and valuation. Teams also provide sell-side diligence when the private equity firm is exiting the investment. At the fund level, professionals offer audit and tax services, as well as SEC compliance support.\nDoes my client need this?\n\n•If they are a PEI company whose portfolio companies are undergoing current or planned M&A activity, if they require improved due diligence or need to refresh their service provider options as result of industry, geography or tax challenges.\n\n\n\n\n\n Sell-Side Services \n\n\nTeams provide M&A accounting, tax, and benefits assistance to corporate and PEI portfolio clients during the sale of all or a part of their businesses. M&A-seller service professionals perform pre-sale due diligence, support carve-out accounting and reporting, and tax structuring, as well as prepare seller-diligence reports for program and DGES clients. \nDoes my client need this?\n\n•If they are considering selling a business, in whole or part, but especially when the business being sold is a carve-out from a larger entity, often without separate financial data and combined operations, which requires significant analysis. Or if there are significant changes as a result of activist shareholders or modifications to the management team.\n Chief Accounting Officer CEOs CFOs CIOs Controller Deal Professionals Corporate Development PE Deal Teams Vice President/Director - Corporate Development/Tax ",
      "Type": "Sub-category"
    },
    {
      "@search.score": 0.06948093,
      "Id": "293",
      "Name": "Merger & Acquisition Services",
      "ImageURL": "None",
      "Description": "Creating value and minimizing risk and disruption in a merger or divestiture situation. Deloitte does that… through our cross-business Merger & Acquisition Services.",
      "BusinessFunction": "Cross-Business",
      "Category": "None",
      "SubCategory": "None",
      "URL": "https://sdnet2.hosting.deloitte.com/sites/DeloitteDoesThat/Pages/Merger_Acquisition_Services.aspx",
      "Keywords": "M&A <br>Mergers <br>Acquisitions<br>MACS<br>MATS<br>Divestitures<br>Diligence<br>Integration<br>Private Equity<br>Valuation",
      "Content": "Using our cross-business approach, teams provide seamless services throughout the entire M&A lifecycle — from strategy through execution, integration, and divestitures. Professionals include specialists in such areas as: strategy, structuring, diligence, financial accounting & reporting, corporate finance, valuation, sales and marketing, supply chain, operations, finance, internal audit, tax, treasury, risk management, real estate, technology, and human capital, as well as industry-specific issues. Professionals provide these services to corporate and private equity clients, both attest and non-attest, and on the buy side and sell side of transactions. \nBuy Side - M&A Strategy \n\n\nTeams help clients formulate their M&A strategy by identifying business unit and organizational objectives, understanding market opportunities, aligning acquisition and corporate strategies, and building the cultures and business models that drive them. \nDoes my client need this? \n\n•If they are in an industry undergoing significant disruption or change, and/or if they are looking for ways to increase shareholder value through inorganic growth or by divesting non-core business units. \n\n\n\n\n\n Buy Side - Transaction Readiness\n\n\nTeams assist clients with preliminary due diligence, including the establishment of key evaluation criteria. They assist with sourcing potential deals and serve as the lead buy-side investment bank adviser to the company throughout the deal. Teams develop innovative deal and tax structures to assist clients in minimizing taxes and maximizing value creation. \nDoes my client need this?\n\n•If they are considering a transaction and wish to identify opportunities and preserve optionality, while also being ready to quickly capitalize on market or financing dynamics with limited disruption to the business.\n\n\n\n\n\n Buy Side - Transaction Diligence and Deal Execution\n\n\nTeams conduct comprehensive financial, tax, strategic, operational, and transactional due diligence. They also perform valuations, assess deal benefits, and assist with modeling the impact of the transaction. \nDoes my client need this?\n\n•If they are looking to validate their initial investment thesis or make a fully informed decision about the potential benefits and risks, and then execute a transaction in the most effective and efficient manner.\n\n\n\n\n\n Buy Side – Transaction Execution\n\n\nTeams enable cross-organization entity rationalization to optimize tax structure and reduce costs of back-office processes. Deloitte's M&A expertise across Tax, Advisory, and Consulting is uniquely suited to address the high level of complexity and manage the cross-functional impact involved in Transaction Execution. \nDoes my client need this?\n\n•If they are a multi-national business unit or company undergoing a transaction or reorganization where multiple legal entities are involved. \n\n\n\n\n\n Buy Side - Closing and Integration Strategy \n\n\nTeams assist clients in streamlining the closing of a deal and translating the findings of due diligence into definable actions than can be part of a broader agenda for the execution of the deal. This includes but is not limited to: financing advisory, stakeholder communications, financial reporting, and detailed functional/business unit integration plans in preparation for Day One. \nDoes my client need this?\n\n•If they need a plan to achieve an issue-free Day One, by managing the integration or separation through the business transition, tax, and regulatory landscape.\n\n\n\n\n\n Buy Side - Integration & Transformation\n\n\nTeams help clients realize the full benefits of the transaction by implementing the business strategy, organizational structure, and work processes for the combined entity. \nDoes my client need this?\n\n•If they are concerned about realizing the full potential of the transaction. \n\n\n\n\n\n Sell Side - M&A Strategy\n\n\nTeams conduct a review of the client's business portfolio and market environment to identify opportunities and help decide on a disposition strategy that will maximize value. \nDoes my client need this?\n\n•If they are in an industry undergoing significant disruption or change, and/or if they are looking for ways to increase shareholder value through inorganic growth or by divesting non-core business units.\n\n\n\n\n\n Sell Side - Transaction Readiness\n\n\nTeams assist clients in preparing the business unit for sale while anticipating potential separation issues and needs. They represent the sellers of the business as their lead investment banking adviser, marketing the business unit for sale and managing the transaction process. \nDoes my client need this?\n\n•If they are considering a transaction and wish to identify opportunities and preserve optionality, while also being ready to quickly capitalize on market or financing dynamics with limited disruption to the business.\n\n\n\n\n\n Sell Side - Transaction Diligence and Deal Execution \n\n\nTeams work with our clients to assess deal benefits as well as understand the tax impacts of the sale and analyze options for minimizing associated costs. They conduct financial, accounting, tax, commercial, and operational sell-side due diligence to better position the seller to maximize transaction value and speed to close. Teams assist with the preparation of carve-out financial statements to meet regulatory, buyer, or financing needs. \nDoes my client need this?\n\n•If they are looking to validate their initial investment thesis or make a fully informed decision about the potential benefits and risks, and then execute a transaction in the most effective and efficient manner.\n\n\n\n\n\n Sell Side - Transaction Execution \n\n\nTeams enable cross-organization separation and stand-up efforts necessary to operationalize new company entities and execute the spin-off at a global level in a tax efficient manner. Deloitte's M&A expertise across Tax, Advisory, and Consulting is uniquely suited to address the high level of complexity and manage the cross-functional impact involved in Transaction Execution. \nDoes my client need this?\n\n•If they are a multi-national business unit or company undergoing a transaction or reorganization where multiple legal entities are involved. \n\n\n\n\n\n Sell Side - Closing and Separation\n\n\nTeams help develop a comprehensive plan to position the parent and carve-out businesses to function on Day One free of any adverse impact on customers and with tax/legal/statutory requirements met and financial controls in place. \nDoes my client need this?\n\n•If they need a plan to achieve an issue-free Day One, by managing the integration or separation through the business transition, tax, and regulatory landscape. \n\n\n\n\n\n Sell Side - Post-Close Transition \n\n\nTeams support clients in the execution of a smooth transition and effective transfer of control on Day One while ensuring operational continuity for both the \"parent and child\". \nDoes my client need this?\n\n•If they are concerned about realizing the full potential of the transaction.\n CEOs CIOs CFOs Chief Human Resource Officers Chief Corporate Development Officers Chief Tax Officers",
      "Type": "Sub-category"
    },
    {
      "@search.score": 0.05673094,
      "Id": "349",
      "Name": "SAP",
      "ImageURL": "None",
      "Description": "Deloitte's strong alliance with SAP offers a range of implementation, integration, and alignment services from business case development and system design to configuration, testing, deployment, and post-implementation support using an array SAP HANA-based preconfigured solutions to drive results faster.\n",
      "BusinessFunction": "Consulting",
      "Category": "DC Technology",
      "SubCategory": "None",
      "URL": "None",
      "Keywords": "SAP<br>ERP<br>S/4<br>S/4HANA<br>HANA<br>Technology <br>Implementation",
      "Content": "Deloitte's strong alliance with SAP offers a range of implementation, integration, and alignment services from business case development and system design to configuration, testing, deployment, and post-implementation support using an array SAP HANA-based preconfigured solutions to drive results faster.\n \nAnalytics\n\n\nTeams work to develop the insight and tools that can help clients improve their own processes and increase their capabilities to take advantage of their natural strengths. \nDoes my client need this?\n\n•If they are looking to improve their current tools in order to increase operational efficiency.\n\n\n\n\n\nCustomer\n\n\nTeams provide the tools for clients to streamline sales processes and allow for more real-time transactions and reviewing of data. \nDoes my client need this?\n\n•If they want to improve sales and customer service operations to better serve their customers.\n\n\n\n\n\nFinance \n\n\nTeams provide the foundation and systems for a broad financial system that allows for integration across the company, as well as compliance with federal regulatory guidelines. \nDoes my client need this?\n\n•If they want to ensure fiscal accuracy in all records and maintain current and retrievable information about their fiscal position.\n\n\n\n\n\nSupply Chain\n\n\nTeams provide the tools and systems that allow for well integrated supply-chain solutions that enable the client to maintain a seamless supply network. \nDoes my client need this?\n\n• If they wish to operate increasingly complex supply networks, and be able to maintain a real-time view to ensure improved responsiveness.\n\n\n\n\n\nTechnology\n\n\nTeams provide core services that deliver the business value of the latest SAP technologies while also enabling seamless transition of the architecture platform and data, all to enhance the user experience. \nDoes my client need this?\n\n• If they want to modernize their technological landscape, stay current with advances and position themselves to take advantage of future improvements.\n CIOs CFOs CMOs COOs Chief Procurement Officers (CPOs) CEOs Chief Human Resource Officers (CHROs) ",
      "Type": "Sub-category"
    },
    {
      "@search.score": 0.049639575,
      "Id": "372",
      "Name": "Strategic Risk",
      "ImageURL": "None",
      "Description": "Helping clients evaluate strategic risks and survive major crises. Deloitte does that…through Strategic Risk services.",
      "BusinessFunction": "Advisory",
      "Category": "Risk & Resilience",
      "SubCategory": "None",
      "URL": "https://sdnet2.hosting.deloitte.com/sites/DeloitteDoesThat/Pages/Strategic_Risk.aspx",
      "Keywords": "Risk <br>Crisis Management<br>Business continuity <br>Resilience <br>Wargaming<br>Real-time response<br>Grants<br>Recovery<br>Brand <br>Reputation ",
      "Content": "Strategic Risk helps leaders embrace risk to lead confidently in a volatile world. The Strategic Risk team provides a platform of advisory and managed services designed to help senior executives spot, assess, manage, and respond to risks and/or catastrophic unforeseen incidents--events that could undermine their competitive position and jeopardize their critical assets, reputation, and/or financial standing.\n \nCrisis Management Solutions \n\n\n\nTeams provide resilience and disaster management services to public and private sector clients in nearly every industry and supply chain. They help them sense, prepare for, respond to, and recover from major crises. Specific capabilities include:\nPrepare Business continuity management: People, methods, and tools that help business functions prepare, coordinate, and respond to major disruptions and business interruptions.\nCrisis simulation and wargaming: An interactive approach that immerses participants in a simulated crisis scenario to help them evaluate their organization's response effectiveness and preparedness.\nRespond Real-time response: Experienced crisis leaders, combined with operations, finance, technology, and regulatory specialists, are ready to deploy within hours of a crisis to support a client's crisis command center.\n24/7 monitoring: Around-the-clock tracking and analysis of multiple sources of data, all of which can be integrated with a client's own proprietary data, provides real-time situational awareness.\nCrisis communications: Ongoing assistance to preempt reputation threats, provide guidance for stakeholder outreach, and control messaging by navigating both social and traditional media.\nRecover Grants management: People, processes, and technologies that support proposal, disbursement, accounting, and programmatic compliance efforts related to the financial grants made available in the wake of natural disasters or other events.\n\nDoes my client need this? \n\n• If they are facing or could face malevolence, financial crime, technological and industrial disruptions, natural or man-made physical catastrophes, financial disruptions, or confrontations in the boardroom or courtroom. \n\n\n\n\n\n Strategic Risk Solutions\n\n\nStrategic Risk Solutions teams specialize in identifying, monitoring, and providing insights on trends and disruptors that could affect clients' competitive advantage, market position, and long-term performance. \nDoes my client need this?\n\n• If they want to proactively convert strategic risks into competitive advantages or transform their overall risk management program.\n\n\n\n\n\n LRA by Deloitte \n\n\nLRA by Deloitte offers clients a holistic set of services to enable them to be \"the leader in brand protection and customer experience measurement.\" These innovative services help clients provide consistent, memorable, and differentiated experiences for their customers. \nDoes my client need this?\n\n•If they want an end-to-end solution to quantify and measure customer experience, with the tools and insights that support a consistent and differentiated brand and customer experience.\n CEOs COOs Chief Risk Officers",
      "Type": "Sub-category"
    },
    {
      "@search.score": 0.049639575,
      "Id": "391",
      "Name": "Tax Technology Consulting & Implementation",
      "ImageURL": "None",
      "Description": "Helping tax departments effectively use technology to improve efficiency and create value. Deloitte does that…through Tax Technology Consulting & Implementation.",
      "BusinessFunction": "Tax",
      "Category": "Transformation",
      "SubCategory": "None",
      "URL": "https://sdnet2.hosting.deloitte.com/sites/DeloitteDoesThat/Pages/Tax_Technology_Consulting_Implementation.aspx",
      "Keywords": "Business Tax<br>Corporate Tax <br>Indirect Tax<br>Tax<br>Tax Analytics<br>Tax Management Consulting<br>Tax Technology<br>Tax Transformation ",
      "Content": "Deloitte Tax Technology Consulting & Implementation teams assist tax departments in understanding the requirements for the design, selection, and implementation of tax software for global and local purposes - for both direct and indirect taxes. The teams have extensive implementation experience and go-to-market relationships with the major tax technology and enterprise vendors. Services include helping clients make appropriate technology choices, and configuring and integrating those choices across the entire business cycle for tax. Typical solutions provided include enterprise systems, tax provision and compliance software, tax portals, and management reporting dashboards. \nTax-Enabled Enterprise Systems \n\n\nTeams assist clients with the configuring and leveraging of ERP systems. Enhancements help to produce critical tax-relevant data and information that are needed to streamline a client's direct and indirect tax processes, identify and implement more effective tax planning processes, and provide better tax-audit support. \nDoes my client need this? \n\n•If they are subject to the limitations of outdated spreadsheet models or technology or if they are undergoing a finance transformation including any potential upgrade or change to their accounting (ERP) system or consolidation system for financial reporting.\n\n\n\n\n\n Tax Systems and Data Management Services\n\n\nTeams provide analysis of process and data flows, assist with the selection of technology services, and help with the design and implementation of third-party software and custom tools for tax data management and analytics platforms. \nDoes my client need this?\n\n•If they spend inordinate time and resources to manually manipulate source data to begin the tax compliance and provision process or if tax auditors have raised questions or flagged issues about sufficient data to support the tax return.\n\n\n\n\n\n Indirect Tax Automation \n\n\nTeams assist clients with automating the transactional determination of appropriate indirect taxes. They also work to enhance client ERP systems and indirect tax software to identify and capitalize on critical tax-relevant data and information. These efforts enable clients to reduce manual tax decisions, automate tax compliance, and promote business agility. \nDoes my client need this?\n\n•If they face business, tax compliance, and audit issues that may result from the use of inefficient solutions for indirect tax.\n\n\n\n\n\n Compliance and Reporting Services\n\n\nTeams strive to increase processing efficiency, reduce costs, and better manage overall tax compliance risks through process standardization – all of which have the potential to reduce the overall tax burden of a company. The practice is investing heavily in global tax compliance as well as reporting technology and process standardization, with the goal of providing a transformational solution. \nDoes my client need this?\n\n•If they are currently completing tax returns in-house or with a competitor.\n CFOs Chief Tax Officers Tax Directors / VPs of Tax Controllers",
      "Type": "Sub-category"
    },
    {
      "@search.score": 0.042548206,
      "Id": "155",
      "Name": "Cross-border Talent Mobility Strategy & Advisory",
      "ImageURL": "None",
      "Description": "Helping financial institutions and individuals navigate tax information requirements and global tax authorities’ increased focus on transparency. Deloitte does that…through Global Financial Transactions & Information Reporting.",
      "BusinessFunction": "Tax",
      "Category": "Global",
      "SubCategory": "None",
      "URL": "https://sdnet2.hosting.deloitte.com/sites/DeloitteDoesThat/Pages/Cross-border_Talent_Mobility_Strategy_Advisory.aspx",
      "Keywords": "Compensation and Benefits<br>Global<br>Global Employer Services<br>Global Mobility<br>Human Capital<br>International Expansion<br>Mobility Consulting<br>Rewards<br>Talent<br>Tax ",
      "Content": "Cross-border Talent Mobility Strategy & Advisory teams work with business and HR leaders to align workforce mobility with business priorities. An effective global mobility program can help advance business priorities such as: priority market growth, enhancement of supply chain and global production, research and innovation, customer sales and service, and developing global leaders. \nTalent Mobilization Strategy \n\n\nTeams help global organizations gain a clearer understanding of the value of global talent mobilization and help them make the right talent moves to advance their enterprise and business objectives. \nDoes my client need this? \n\n• If they operate in multiple countries and are aiming to develop, enhance, or restructure a global talent pool to fuel their global business strategy. \n\n\n\n\n\n Global Mobility Functional Redesign\n\n\nTeams work with large clients to organize their global mobility function in support of a broader enterprise mobility strategy. They identify, build, and help maintain capabilities appropriate for that organization's function. They also help create a network of global vendors that provides on-the-ground employee services in every relevant country. Finally they help the function integrate with the business and other enabling functions (within human resources as well as with finance, tax, and legal). \nDoes my client need this?\n\n•If they are expanding or adjusting their global footprint or operating model to capitalize on new business and market opportunities.\n\n\n\n\n\n Global Mobility Technology\n\n\nPartnering across Deloitte's businesses, teams deploy proprietary technology and data analytics solutions for global mobility. They also advise across the spectrum of enterprise global mobility technologies to help clients design and implement the best technology platforms for managing the complex logistics and risks associated with global mobility. \nDoes my client need this?\n\n•If they need technology or data analytics solutions to support their global mobility strategy.\n\n\n\n\n\n Global Mobility Reward and Employment Redesign\n\n\nTeams bring a cross-functional approach to designing employment models and reward programs that support a given talent mobility strategy. Capabilities cover the spectrum of employment and reward issues including employment structures, compensation design, executive rewards, retirement, health, and welfare. \nDoes my client need this?\n\n•If they depend on a globally mobile workforce (i.e., employees working outside of their home country on either long- or short-term assignments or frequent business travelers) for delivery of vital services and products.\n\n\n\n\n\n Business Traveler Services\n\n\nTeams help clients develop risk-management protocols to manage business travelers. These include: communicating and managing organizational change, applying analytics solutions to company data in order to track and report the individual and payroll tax implications of business travelers, and to prepare required tax compliance documentation. \nDoes my client need this?\n\n•If they depend on a globally mobile workforce (i.e., employees working outside of their home country on either long- or short-term assignments or frequent business travelers) for delivery of vital services and products.\n \n\nCEOs Chief Human Resource Officers CFOs Emerging Market Leaders COOs Heads of Global Mobility HR VPs/Directors of Reward HR VPs/Directors of Talent HR VPs/Directors of Compensation & Benefits VPs of International Business Group\n",
      "Type": "Sub-category"
    }
  ],
  "@odata.nextLink": "https://ddtpoc.search.windows.net/indexes('ddtresults0721')/docs?api-version=2016-09-01&$count=true&facet=BusinessFunction&facet=Category&highlight=Name%2CDescription&highlightPreTag=%3Cspan%20style%3D%27background%3Ayellow%3Bdisplay%3Ainline%27%3E&highlightPostTag=%3C%2Fspan%3E&search=finance&$skip=50"
}