{
    "d": {
        "__metadata": {
            "id": "https://ddnet2013.hosting.deloitte.com/sites/DeloitteDoesThat/_api/Web/GetUserById(15857)",
            "uri": "https://ddnet2013.hosting.deloitte.com/sites/DeloitteDoesThat/_api/Web/GetUserById(15857)",
            "type": "SP.User"
        },
        "Groups": {
            "__deferred": {
                "uri": "https://ddnet2013.hosting.deloitte.com/sites/DeloitteDoesThat/_api/Web/GetUserById(15857)/Groups"
            }
        },
        "Id": 15857,
        "IsHiddenInUI": false,
        "LoginName": "i:0ǵ.t|adfs int|angrivas",
        "Title": "Angelica Rivas",
        "PrincipalType": 1,
        "Email": "",
        "IsSiteAdmin": false,
        "UserId": {
            "__metadata": {
                "type": "SP.UserIdInfo"
            },
            "NameId": "angrivas",
            "NameIdIssuer": "TrustedProvider:adfs int"
        }
    }
}