{
  "results": [
    {
      "content": {
        "displayName": "Forensic & Investigations",
        "url": "https://sdnet2.hosting.deloitte.com/sites/DeloitteDoesThat/Pages/Forensic_Investigations.aspx",
        "isNewWindow": true,
        "subText": "Advisory > Regulatory, Forensics & Compliance",
        "isSubCategory": true,
        "description": "This is testing for Sub Category Description.This is testing for Sub Category Description.This is testing for Sub Category Description.This is testing for Sub Category Description.This is testing for Sub Category Description.This is testing for Sub Category Description.This is testing for Sub Category Description.This is testing for Sub Category Description.This is testing for Sub Category Description.This is testing for Sub Category Description.This is testing for Sub Category Description.This is testing for Sub Category Description.This is testing for Sub Category Description.This is testing for Sub Category Description.This is testing for Sub Category Description.",
        "solutionOfferingsList": [
          {
            "displayName": "Forensic Investigations",
            "url": "https://ddnet2013.hosting.deloitte.com/sites/deloittedoesthat/pages/Forensic_Investigations.aspx",
            "isNewWindow": true,
            "isSubCategory": false
          },
          {
            "displayName": "Discovery",
            "url": "https://ddnet2013.hosting.deloitte.com/sites/deloittedoesthat/pages/Discovery.aspx",
            "isNewWindow": true,
            "isSubCategory": false
          },
          {
            "displayName": "Litigation and Dispute Consulting",
            "url": "https://ddnet2013.hosting.deloitte.com/sites/deloittedoesthat/pages/Litigation_and_Dispute_Consulting.aspx",
            "isNewWindow": true,
            "isSubCategory": false
          },
          {
            "displayName": "Business Intelligence",
            "url": "https://ddnet2013.hosting.deloitte.com/sites/deloittedoesthat/pages/Business_Intelligence.aspx",
            "isNewWindow": true,
            "isSubCategory": false
          }
        ]
      },
      "entityId": 1911587,
      "entityTypeId": 10,
      "score": 100.105
    },
    {
      "content": {
        "displayName": "Forensic Investigations",
        "url": "https://ddnet2013.hosting.deloitte.com/sites/deloittedoesthat/pages/Forensic_Investigations.aspx",
        "isNewWindow": true,
        "subText": "Advisory > Regulatory, Forensics & Compliance > Forensic & Investigations",
        "isSubCategory": false
      },
      "entityId": 1911697,
      "entityTypeId": 10,
      "score": 100.105
    }
  ]
}