{
	"d": {
		"results": [
			{
				"__metadata": {
					"id": "Web/Lists(guid'f98d7d8d-4002-4a17-a6b7-9fc70ad16c41')/Items(4)",
					"uri": "https://ddnet2013.hosting.deloitte.com/sites/DeloitteDoesThat/_api/Web/Lists(guid'f98d7d8d-4002-4a17-a6b7-9fc70ad16c41')/Items(4)",
					"etag": "3",
					"type": "SP.Data.VideoListItem"
				},
				"Id": 4,
				"Title": "Deloitte Digital",
				"ThumbnailUrl": {
					"__metadata": {
						"type": "SP.FieldUrlValue"
					},
					"Description": "https://ddnet2013.hosting.deloitte.com/sites/DeloitteDoesThat/Style%20Library/DDT%20Phase%202/images/Advisory%20-%20Accounting%20-%20Reporting%20Transformation%20-%20Anthony%20Waelter.jpg",
					"Url": "https://ddnet2013.hosting.deloitte.com/sites/DeloitteDoesThat/Style%20Library/DDT%20Phase%202/images/Advisory%20-%20Accounting%20-%20Reporting%20Transformation%20-%20Anthony%20Waelter.jpg"
				},
				"NumOfViews": 3,
				"ID": 4
			},
			{
				"__metadata": {
					"id": "Web/Lists(guid'f98d7d8d-4002-4a17-a6b7-9fc70ad16c41')/Items(6)",
					"uri": "https://ddnet2013.hosting.deloitte.com/sites/DeloitteDoesThat/_api/Web/Lists(guid'f98d7d8d-4002-4a17-a6b7-9fc70ad16c41')/Items(6)",
					"etag": "2",
					"type": "SP.Data.VideoListItem"
				},
				"Id": 6,
				"Title": "Supply Chain & Manufacturing Operations",
				"ThumbnailUrl": {
					"__metadata": {
						"type": "SP.FieldUrlValue"
					},
					"Description": "https://ddnet2013.hosting.deloitte.com/sites/DeloitteDoesThat/Style%20Library/DDT%20Phase%202/images/Advisory%20-%20Forensic%20-%20Investigations%20-%20Don%20Fancher.jpg",
					"Url": "https://ddnet2013.hosting.deloitte.com/sites/DeloitteDoesThat/Style%20Library/DDT%20Phase%202/images/Advisory%20-%20Forensic%20-%20Investigations%20-%20Don%20Fancher.jpg"
				},
				"NumOfViews": 3,
				"ID": 6
			},
			{
				"__metadata": {
					"id": "Web/Lists(guid'f98d7d8d-4002-4a17-a6b7-9fc70ad16c41')/Items(7)",
					"uri": "https://ddnet2013.hosting.deloitte.com/sites/DeloitteDoesThat/_api/Web/Lists(guid'f98d7d8d-4002-4a17-a6b7-9fc70ad16c41')/Items(7)",
					"etag": "3",
					"type": "SP.Data.VideoListItem"
				},
				"Id": 7,
				"Title": "Tax Technology Consulting & Implementation",
				"ThumbnailUrl": {
					"__metadata": {
						"type": "SP.FieldUrlValue"
					},
					"Description": "https://ddnet2013.hosting.deloitte.com/sites/DeloitteDoesThat/Style%20Library/DDT%20Phase%202/images/Advisory%20-%20Accounting%20-%20Reporting%20Transformation%20-%20Anthony%20Waelter.jpg",
					"Url": "https://ddnet2013.hosting.deloitte.com/sites/DeloitteDoesThat/Style%20Library/DDT%20Phase%202/images/Advisory%20-%20Accounting%20-%20Reporting%20Transformation%20-%20Anthony%20Waelter.jpg"
				},
				"NumOfViews": 2,
				"ID": 7
			},
			{
				"__metadata": {
					"id": "Web/Lists(guid'f98d7d8d-4002-4a17-a6b7-9fc70ad16c41')/Items(3)",
					"uri": "https://ddnet2013.hosting.deloitte.com/sites/DeloitteDoesThat/_api/Web/Lists(guid'f98d7d8d-4002-4a17-a6b7-9fc70ad16c41')/Items(3)",
					"etag": "3",
					"type": "SP.Data.VideoListItem"
				},
				"Id": 3,
				"Title": "HR Transformation",
				"ThumbnailUrl": {
					"__metadata": {
						"type": "SP.FieldUrlValue"
					},
					"Description": "https://ddnet2013.hosting.deloitte.com/sites/DeloitteDoesThat/Style%20Library/DDT%20Phase%202/images/Advisory%20-%20Accounting%20-%20Reporting%20Transformation%20-%20Anthony%20Waelter.jpg",
					"Url": "https://ddnet2013.hosting.deloitte.com/sites/DeloitteDoesThat/Style%20Library/DDT%20Phase%202/images/Advisory%20-%20Accounting%20-%20Reporting%20Transformation%20-%20Anthony%20Waelter.jpg"
				},
				"NumOfViews": 2,
				"ID": 3
			},
			{
				"__metadata": {
					"id": "Web/Lists(guid'f98d7d8d-4002-4a17-a6b7-9fc70ad16c41')/Items(5)",
					"uri": "https://ddnet2013.hosting.deloitte.com/sites/DeloitteDoesThat/_api/Web/Lists(guid'f98d7d8d-4002-4a17-a6b7-9fc70ad16c41')/Items(5)",
					"etag": "3",
					"type": "SP.Data.VideoListItem"
				},
				"Id": 5,
				"Title": "Finance",
				"ThumbnailUrl": {
					"__metadata": {
						"type": "SP.FieldUrlValue"
					},
					"Description": "https://ddnet2013.hosting.deloitte.com/sites/DeloitteDoesThat/Style%20Library/DDT%20Phase%202/images/Advisory%20-%20Valuation%20-%20Justin%20Silber.jpg",
					"Url": "https://ddnet2013.hosting.deloitte.com/sites/DeloitteDoesThat/Style%20Library/DDT%20Phase%202/images/Advisory%20-%20Valuation%20-%20Justin%20Silber.jpg"
				},
				"NumOfViews": 2,
				"ID": 5
			},
			{
				"__metadata": {
					"id": "Web/Lists(guid'f98d7d8d-4002-4a17-a6b7-9fc70ad16c41')/Items(1)",
					"uri": "https://ddnet2013.hosting.deloitte.com/sites/DeloitteDoesThat/_api/Web/Lists(guid'f98d7d8d-4002-4a17-a6b7-9fc70ad16c41')/Items(1)",
					"etag": "3",
					"type": "SP.Data.VideoListItem"
				},
				"Id": 1,
				"Title": "Finance & Operations",
				"ThumbnailUrl": {
					"__metadata": {
						"type": "SP.FieldUrlValue"
					},
					"Description": "https://ddnet2013.hosting.deloitte.com/sites/DeloitteDoesThat/Style%20Library/DDT%20Phase%202/images/Advisory%20-%20Valuation%20-%20Justin%20Silber.jpg",
					"Url": "https://ddnet2013.hosting.deloitte.com/sites/DeloitteDoesThat/Style%20Library/DDT%20Phase%202/images/Advisory%20-%20Valuation%20-%20Justin%20Silber.jpg"
				},
				"NumOfViews": 1,
				"ID": 1
			},
			{
				"__metadata": {
					"id": "Web/Lists(guid'f98d7d8d-4002-4a17-a6b7-9fc70ad16c41')/Items(2)",
					"uri": "https://ddnet2013.hosting.deloitte.com/sites/DeloitteDoesThat/_api/Web/Lists(guid'f98d7d8d-4002-4a17-a6b7-9fc70ad16c41')/Items(2)",
					"etag": "3",
					"type": "SP.Data.VideoListItem"
				},
				"Id": 2,
				"Title": "Valuation",
				"ThumbnailUrl": {
					"__metadata": {
						"type": "SP.FieldUrlValue"
					},
					"Description": "https://ddnet2013.hosting.deloitte.com/sites/DeloitteDoesThat/Style%20Library/DDT%20Phase%202/images/Advisory%20-%20Forensic%20-%20Investigations%20-%20Don%20Fancher.jpg",
					"Url": "https://ddnet2013.hosting.deloitte.com/sites/DeloitteDoesThat/Style%20Library/DDT%20Phase%202/images/Advisory%20-%20Forensic%20-%20Investigations%20-%20Don%20Fancher.jpg"
				},
				"NumOfViews": 1,
				"ID": 2
			}
		]
	}
}