
{
  "d": {
    "results": [
      {
        "__metadata": {
          "id": "Web/Lists(guid'ff3a09dc-374d-4f82-8c90-d132c17607d7')/Items(15)",
          "uri": "https://ddnet2013.hosting.deloitte.com/sites/DeloitteDoesThat/_api/Web/Lists(guid'ff3a09dc-374d-4f82-8c90-d132c17607d7')/Items(15)",
          "etag": "\"13\"",
          "type": "SP.Data.VideoListItem"
        },
        "SubCategory": {
          "__metadata": {
            "id": "82959247-9af6-4aef-9c98-a0f0775f6ae6",
            "type": "SP.Data.Sub_x0020_CategoryListItem"
          },
          "Title": "Assurance"
        },
        "Solution": {
          "__deferred": {
            "uri": "https://ddnet2013.hosting.deloitte.com/sites/DeloitteDoesThat/_api/Web/Lists(guid'ff3a09dc-374d-4f82-8c90-d132c17607d7')/Items(15)/Solution"
          }
        },
        "Id": 15,
        "Title": "Monitor deloitte",
        "Description": "Sample Advisory Recommended VideoSample Advisory Recommended VideoSample Advisory Recommended VideoSample Advisory Recommended VideoSample Advisory Recommended Video",
        "ThumbnailUrl": {
          "__metadata": {
            "type": "SP.FieldUrlValue"
          },
          "Description": "https://ddnet2013.hosting.deloitte.com/sites/DeloitteDoesThat/Style%20Library/DDT%20Phase%202/images/Advisory%20-%20Forensic%20-%20Investigations%20-%20Don%20Fancher.jpg",
          "Url": "https://ddnet2013.hosting.deloitte.com/sites/DeloitteDoesThat/Style%20Library/DDT%20Phase%202/images/Advisory%20-%20Forensic%20-%20Investigations%20-%20Don%20Fancher.jpg"
        },
        "Keywords": "Monitor,deloitte",
        "IsVideoGalleryFeatured": true,
        "ID": 15
      },
       {
        "__metadata": {
          "id": "Web/Lists(guid'ff3a09dc-374d-4f82-8c90-d132c17607d7')/Items(15)",
          "uri": "https://ddnet2013.hosting.deloitte.com/sites/DeloitteDoesThat/_api/Web/Lists(guid'ff3a09dc-374d-4f82-8c90-d132c17607d7')/Items(15)",
          "etag": "\"13\"",
          "type": "SP.Data.VideoListItem"
        },
        "SubCategory": {
          "__metadata": {
            "id": "82959247-9af6-4aef-9c98-a0f0775f6ae6",
            "type": "SP.Data.Sub_x0020_CategoryListItem"
          },
          "Title": "Assurance"
        },
        "Solution": {
          "__deferred": {
            "uri": "https://ddnet2013.hosting.deloitte.com/sites/DeloitteDoesThat/_api/Web/Lists(guid'ff3a09dc-374d-4f82-8c90-d132c17607d7')/Items(15)/Solution"
          }
        },
        "Id": 16,
        "Title": "Monitor deloitte",
        "Description": "Sample Advisory Recommended VideoSample Advisory Recommended VideoSample Advisory Recommended VideoSample Advisory Recommended VideoSample Advisory Recommended Video",
        "ThumbnailUrl": {
          "__metadata": {
            "type": "SP.FieldUrlValue"
          },
          "Description": "https://ddnet2013.hosting.deloitte.com/sites/DeloitteDoesThat/Style%20Library/DDT%20Phase%202/images/Advisory%20-%20Forensic%20-%20Investigations%20-%20Don%20Fancher.jpg",
          "Url": "https://ddnet2013.hosting.deloitte.com/sites/DeloitteDoesThat/Style%20Library/DDT%20Phase%202/images/Advisory%20-%20Forensic%20-%20Investigations%20-%20Don%20Fancher.jpg"
        },
        "Keywords": "Monitor,deloitte",
        "IsVideoGalleryFeatured": true,
        "ID": 16
      }
    ]
  }
}
