{
    "d": {
        "results": [
            {
                "__metadata": {
                    "id": "Web/Lists(guid'ff3a09dc-374d-4f82-8c90-d132c17607d7')/Items(2)",
                    "uri": "https://ddnet2013.hosting.deloitte.com/sites/DeloitteDoesThat/_api/Web/Lists(guid'ff3a09dc-374d-4f82-8c90-d132c17607d7')/Items(2)",
                    "etag": "\"13\"",
                    "type": "SP.Data.VideoListItem"
                },
                "SubCategory": {
                    "__metadata": {
                        "id": "4030bc83-2458-4fc0-8d29-f65d412041d9",
                        "type": "SP.Data.Sub_x0020_CategoryListItem"
                    },
                    "Title": "Accounting & Reporting Transformation",
                    "PageUrl": null
                },
                "Solution": {
                    "__deferred": {
                        "uri": "https://ddnet2013.hosting.deloitte.com/sites/DeloitteDoesThat/_api/Web/Lists(guid'ff3a09dc-374d-4f82-8c90-d132c17607d7')/Items(2)/Solution"
                    }
                },
                "Id": 2,
                "Title": "Valuation",
                "Description": "Finance & Operations teams help clients enhance their business performance through the implementation of leading practice controls, processes, and technologies to better manage and optimize financial and operational risks. Those risks are typically associated with ongoing operations, external business relationships, compliance with new and existing regulations, market volatility…",
                "ThumbnailUrl": {
                    "__metadata": {
                        "type": "SP.FieldUrlValue"
                    },
                    "Description": "https://ddnet2013.hosting.deloitte.com/sites/DeloitteDoesThat/Style%20Library/DDT%20Phase%202/images/Advisory%20-%20Forensic%20-%20Investigations%20-%20Don%20Fancher.jpg",
                    "Url": "https://ddnet2013.hosting.deloitte.com/sites/DeloitteDoesThat/Style%20Library/DDT%20Phase%202/images/Advisory%20-%20Forensic%20-%20Investigations%20-%20Don%20Fancher.jpg"
                },
                "DMPUrl": {
                    "__metadata": {
                        "type": "SP.FieldUrlValue"
                    },
                    "Description": "https://dmp.deloittenet.deloitte.com/viewerportal/deloittenet/embed.vp?programId=esc_program%3A62859&contentAssocId=association%3A124114",
                    "Url": "https://dmp.deloittenet.deloitte.com/viewerportal/deloittenet/embed.vp?programId=esc_program%3A62859&contentAssocId=association%3A124114"
                },
                "Keywords": "Valuation",
                "ID": 2
            }
        ]
    }
}