{
  "d": {
    "results": [
      {
        "__metadata": {
          "id": "Web/Lists(guid'ff3a09dc-374d-4f82-8c90-d132c17607d7')/Items(16)",
          "uri": "https://ddnet2013.hosting.deloitte.com/sites/DeloitteDoesThat/_api/Web/Lists(guid'ff3a09dc-374d-4f82-8c90-d132c17607d7')/Items(16)",
          "etag": "\"7\"",
          "type": "SP.Data.VideoListItem"
        },
        "SubCategory": {
          "__deferred": {
            "uri": "https://ddnet2013.hosting.deloitte.com/sites/DeloitteDoesThat/_api/Web/Lists(guid'ff3a09dc-374d-4f82-8c90-d132c17607d7')/Items(16)/SubCategory"
          }
        },
        "Solution": {
          "__metadata": {
            "id": "b2c15f44-4295-47aa-905c-5582abee07de",
            "type": "SP.Data.SolutionListItem"
          },
          "Title": "Shape Strategy",
          "PageUrl": "https://ddnet2013.hosting.deloitte.com/sites/DeloitteDoesThat/Pages/Shape_Strategy.aspx",
          "Id": 43
        },
        "Keywords": "Share,Strategy"
      }
    ]
  }
}