{
    "d": {
        "results": [
            {
                "__metadata": {
                    "id": "Web/Lists(guid'3364d8df-b0c7-4c4f-8643-fa14ae8a6e32')/Items(1)",
                    "uri": "https://ddnet2013.hosting.deloitte.com/sites/DeloitteDoesThat/_api/Web/Lists(guid'3364d8df-b0c7-4c4f-8643-fa14ae8a6e32')/Items(1)",
                    "etag": "\"3\"",
                    "type": "SP.Data.SolutionListItem"
                },
                "Title": "Accounting and Reporting Advisory"
            }
        ]
    }
}