{
  "d": {
    "results": [
      {
        "__metadata": {
          "id": "Web/Lists(guid'06766700-c871-4a41-9417-6ffd447ec32f')/Items(1)",
          "uri": "https://ddnet2013.hosting.deloitte.com/sites/DeloitteDoesThat/_api/Web/Lists(guid'06766700-c871-4a41-9417-6ffd447ec32f')/Items(1)",
          "etag": "\"4\"",
          "type": "SP.Data.Sub_x0020_CategoryListItem"
        },
        "Category": {
          "__metadata": {
            "id": "bec66326-1330-49d9-b4ef-39df1200f169",
            "type": "SP.Data.CategoryListItem"
          },
          "Title": "Financial Transactions"
        },
        "Business_x0020_Function": {
          "__metadata": {
            "id": "329b5110-98da-4e2b-876d-de30a04456c2",
            "type": "SP.Data.Business_x0020_FunctionListItem"
          },
          "Title": "Advisory"
        }
      }
    ]
  }
}