{  
   "d":{  
      "results":[  
         {  
            "__metadata":{  
               "id":"Web/Lists(guid'f98d7d8d-4002-4a17-a6b7-9fc70ad16c41')/Items(1)",
               "uri":"https://ddnet2013.hosting.deloitte.com/sites/DeloitteDoesThat/_api/Web/Lists(guid'f98d7d8d-4002-4a17-a6b7-9fc70ad16c41')/Items(1)",
               "etag":"\"3\"",
               "type":"SP.Data.VideoListItem"
            },
            "SubCategory":{  
               "__metadata":{  
                  "id":"290c9fbf-16ed-4722-9d35-92ad4b3fb5bc",
                  "type":"SP.Data.Sub_x0020_CategoryListItem"
               },
               "Title":"Finance & Operations"
            },
            "BusinessFunction":{  
               "__metadata":{  
                  "id":"f5dd07e0-50bc-4186-b380-09e351517928",
                  "type":"SP.Data.Business_x0020_FunctionListItem"
               },
               "Title":"Advisory"
            },
            "Title":"Finance & Operations",
            "Description":null,
            "ThumbnailUrl":{  
               "__metadata":{  
                  "type":"SP.FieldUrlValue"
               },
               "Description":"https://ddnet2013.hosting.deloitte.com/sites/DeloitteDoesThat/Style%20Library/DDT%20Phase%202/images/Advisory%20-%20Valuation%20-%20Justin%20Silber.jpg",
               "Url":"https://ddnet2013.hosting.deloitte.com/sites/DeloitteDoesThat/Style%20Library/DDT%20Phase%202/images/Advisory%20-%20Valuation%20-%20Justin%20Silber.jpg"
            },
            "DMPUrl":{  
               "__metadata":{  
                  "type":"SP.FieldUrlValue"
               },
               "Description":"https://dmp.deloittenet.deloitte.com/viewerportal/deloittenet/embed.vp?programId=esc_program%3A62056&contentAssocId=association%3A124665",
               "Url":"https://dmp.deloittenet.deloitte.com/viewerportal/deloittenet/embed.vp?programId=esc_program%3A62056&contentAssocId=association%3A124665"
            },
            "NumOfViews":1,
            "Keywords":"Finance,Operations",
            "IsSubcategoryFeatured":false,
            "IsVideoGalleryFeatured":false
         },
         {  
            "__metadata":{  
               "id":"Web/Lists(guid'f98d7d8d-4002-4a17-a6b7-9fc70ad16c41')/Items(2)",
               "uri":"https://ddnet2013.hosting.deloitte.com/sites/DeloitteDoesThat/_api/Web/Lists(guid'f98d7d8d-4002-4a17-a6b7-9fc70ad16c41')/Items(2)",
               "etag":"\"3\"",
               "type":"SP.Data.VideoListItem"
            },
            "SubCategory":{  
               "__metadata":{  
                  "id":"445de3af-efde-4024-bcff-8061072053dd",
                  "type":"SP.Data.Sub_x0020_CategoryListItem"
               },
               "Title":"Valuation"
            },
            "BusinessFunction":{  
               "__metadata":{  
                  "id":"7859a0a0-ed0a-4de2-8b38-19585e3f63be",
                  "type":"SP.Data.Business_x0020_FunctionListItem"
               },
               "Title":"Advisory"
            },
            "Title":"Valuation",
            "Description":null,
            "ThumbnailUrl":{  
               "__metadata":{  
                  "type":"SP.FieldUrlValue"
               },
               "Description":"https://ddnet2013.hosting.deloitte.com/sites/DeloitteDoesThat/Style%20Library/DDT%20Phase%202/images/Advisory%20-%20Forensic%20-%20Investigations%20-%20Don%20Fancher.jpg",
               "Url":"https://ddnet2013.hosting.deloitte.com/sites/DeloitteDoesThat/Style%20Library/DDT%20Phase%202/images/Advisory%20-%20Forensic%20-%20Investigations%20-%20Don%20Fancher.jpg"
            },
            "DMPUrl":{  
               "__metadata":{  
                  "type":"SP.FieldUrlValue"
               },
               "Description":"https://dmp.deloittenet.deloitte.com/viewerportal/deloittenet/embed.vp?programId=esc_program%3A62859&contentAssocId=association%3A124114",
               "Url":"https://dmp.deloittenet.deloitte.com/viewerportal/deloittenet/embed.vp?programId=esc_program%3A62859&contentAssocId=association%3A124114"
            },
            "NumOfViews":1,
            "Keywords":"Valuation",
            "IsSubcategoryFeatured":true,
            "IsVideoGalleryFeatured":false
         },
         {  
            "__metadata":{  
               "id":"Web/Lists(guid'f98d7d8d-4002-4a17-a6b7-9fc70ad16c41')/Items(3)",
               "uri":"https://ddnet2013.hosting.deloitte.com/sites/DeloitteDoesThat/_api/Web/Lists(guid'f98d7d8d-4002-4a17-a6b7-9fc70ad16c41')/Items(3)",
               "etag":"\"3\"",
               "type":"SP.Data.VideoListItem"
            },
            "SubCategory":{  
               "__metadata":{  
                  "id":"1fd8071a-c71b-491e-b2ef-2b7c1ba0cd1f",
                  "type":"SP.Data.Sub_x0020_CategoryListItem"
               },
               "Title":"HR Transformation"
            },
            "BusinessFunction":{  
               "__metadata":{  
                  "id":"f0800676-f880-4063-86b3-0411ea566103",
                  "type":"SP.Data.Business_x0020_FunctionListItem"
               },
               "Title":"Consulting"
            },
            "Title":"HR Transformation",
            "Description":null,
            "ThumbnailUrl":{  
               "__metadata":{  
                  "type":"SP.FieldUrlValue"
               },
               "Description":"https://ddnet2013.hosting.deloitte.com/sites/DeloitteDoesThat/Style%20Library/DDT%20Phase%202/images/Advisory%20-%20Accounting%20-%20Reporting%20Transformation%20-%20Anthony%20Waelter.jpg",
               "Url":"https://ddnet2013.hosting.deloitte.com/sites/DeloitteDoesThat/Style%20Library/DDT%20Phase%202/images/Advisory%20-%20Accounting%20-%20Reporting%20Transformation%20-%20Anthony%20Waelter.jpg"
            },
            "DMPUrl":{  
               "__metadata":{  
                  "type":"SP.FieldUrlValue"
               },
               "Description":"https://dmp.deloittenet.deloitte.com/viewerportal/deloittenet/embed.vp?programId=esc_program%3A62060&contentAssocId=association%3A124210",
               "Url":"https://dmp.deloittenet.deloitte.com/viewerportal/deloittenet/embed.vp?programId=esc_program%3A62060&contentAssocId=association%3A124210"
            },
            "NumOfViews":2,
            "Keywords":"HR,Transformation",
            "IsSubcategoryFeatured":true,
            "IsVideoGalleryFeatured":false
         },
         {  
            "__metadata":{  
               "id":"Web/Lists(guid'f98d7d8d-4002-4a17-a6b7-9fc70ad16c41')/Items(4)",
               "uri":"https://ddnet2013.hosting.deloitte.com/sites/DeloitteDoesThat/_api/Web/Lists(guid'f98d7d8d-4002-4a17-a6b7-9fc70ad16c41')/Items(4)",
               "etag":"\"3\"",
               "type":"SP.Data.VideoListItem"
            },
            "SubCategory":{  
               "__metadata":{  
                  "id":"e23f373b-f681-4395-8338-7c760c78fa75",
                  "type":"SP.Data.Sub_x0020_CategoryListItem"
               },
               "Title":"Deloitte Digital"
            },
            "BusinessFunction":{  
               "__metadata":{  
                  "id":"0b57573b-e5fe-433c-8bb8-26c54f5a56bb",
                  "type":"SP.Data.Business_x0020_FunctionListItem"
               },
               "Title":"Consulting"
            },
            "Title":"Deloitte Digital",
            "Description":null,
            "ThumbnailUrl":{  
               "__metadata":{  
                  "type":"SP.FieldUrlValue"
               },
               "Description":"https://ddnet2013.hosting.deloitte.com/sites/DeloitteDoesThat/Style%20Library/DDT%20Phase%202/images/Advisory%20-%20Accounting%20-%20Reporting%20Transformation%20-%20Anthony%20Waelter.jpg",
               "Url":"https://ddnet2013.hosting.deloitte.com/sites/DeloitteDoesThat/Style%20Library/DDT%20Phase%202/images/Advisory%20-%20Accounting%20-%20Reporting%20Transformation%20-%20Anthony%20Waelter.jpg"
            },
            "DMPUrl":{  
               "__metadata":{  
                  "type":"SP.FieldUrlValue"
               },
               "Description":"https://dmp.deloittenet.deloitte.com/viewerportal/deloittenet/embed.vp?programId=esc_program%3A62883&contentAssocId=association%3A124863",
               "Url":"https://dmp.deloittenet.deloitte.com/viewerportal/deloittenet/embed.vp?programId=esc_program%3A62883&contentAssocId=association%3A124863"
            },
            "NumOfViews":3,
            "Keywords":"Deloitte,Digital",
            "IsSubcategoryFeatured":true,
            "IsVideoGalleryFeatured":false
         },
         {  
            "__metadata":{  
               "id":"Web/Lists(guid'f98d7d8d-4002-4a17-a6b7-9fc70ad16c41')/Items(5)",
               "uri":"https://ddnet2013.hosting.deloitte.com/sites/DeloitteDoesThat/_api/Web/Lists(guid'f98d7d8d-4002-4a17-a6b7-9fc70ad16c41')/Items(5)",
               "etag":"\"3\"",
               "type":"SP.Data.VideoListItem"
            },
            "SubCategory":{  
               "__metadata":{  
                  "id":"f7a8fd33-ad4f-41cb-ad77-011f5cf1adc2",
                  "type":"SP.Data.Sub_x0020_CategoryListItem"
               },
               "Title":"Finance"
            },
            "BusinessFunction":{  
               "__metadata":{  
                  "id":"dc61ba0e-05a1-4efc-a83f-3f8d408f9027",
                  "type":"SP.Data.Business_x0020_FunctionListItem"
               },
               "Title":"Consulting"
            },
            "Title":"Finance",
            "Description":null,
            "ThumbnailUrl":{  
               "__metadata":{  
                  "type":"SP.FieldUrlValue"
               },
               "Description":"https://ddnet2013.hosting.deloitte.com/sites/DeloitteDoesThat/Style%20Library/DDT%20Phase%202/images/Advisory%20-%20Valuation%20-%20Justin%20Silber.jpg",
               "Url":"https://ddnet2013.hosting.deloitte.com/sites/DeloitteDoesThat/Style%20Library/DDT%20Phase%202/images/Advisory%20-%20Valuation%20-%20Justin%20Silber.jpg"
            },
            "DMPUrl":{  
               "__metadata":{  
                  "type":"SP.FieldUrlValue"
               },
               "Description":"https://dmp.deloittenet.deloitte.com/viewerportal/deloittenet/embed.vp?programId=esc_program%3A62059&contentAssocId=association%3A124173",
               "Url":"https://dmp.deloittenet.deloitte.com/viewerportal/deloittenet/embed.vp?programId=esc_program%3A62059&contentAssocId=association%3A124173"
            },
            "NumOfViews":2,
            "Keywords":"Finance",
            "IsSubcategoryFeatured":true,
            "IsVideoGalleryFeatured":false
         },
         {  
            "__metadata":{  
               "id":"Web/Lists(guid'f98d7d8d-4002-4a17-a6b7-9fc70ad16c41')/Items(6)",
               "uri":"https://ddnet2013.hosting.deloitte.com/sites/DeloitteDoesThat/_api/Web/Lists(guid'f98d7d8d-4002-4a17-a6b7-9fc70ad16c41')/Items(6)",
               "etag":"\"2\"",
               "type":"SP.Data.VideoListItem"
            },
            "SubCategory":{  
               "__metadata":{  
                  "id":"ba2dcc3b-e6b4-437d-ac6c-ade2499fcdeb",
                  "type":"SP.Data.Sub_x0020_CategoryListItem"
               },
               "Title":"Supply Chain & Manufacturing Operations"
            },
            "BusinessFunction":{  
               "__metadata":{  
                  "id":"1cf3e3ab-4a8e-4793-9c86-53e9e26bc12a",
                  "type":"SP.Data.Business_x0020_FunctionListItem"
               },
               "Title":"Consulting"
            },
            "Title":"Supply Chain & Manufacturing Operations",
            "Description":null,
            "ThumbnailUrl":{  
               "__metadata":{  
                  "type":"SP.FieldUrlValue"
               },
               "Description":"https://ddnet2013.hosting.deloitte.com/sites/DeloitteDoesThat/Style%20Library/DDT%20Phase%202/images/Advisory%20-%20Forensic%20-%20Investigations%20-%20Don%20Fancher.jpg",
               "Url":"https://ddnet2013.hosting.deloitte.com/sites/DeloitteDoesThat/Style%20Library/DDT%20Phase%202/images/Advisory%20-%20Forensic%20-%20Investigations%20-%20Don%20Fancher.jpg"
            },
            "DMPUrl":{  
               "__metadata":{  
                  "type":"SP.FieldUrlValue"
               },
               "Description":"https://dmp.deloittenet.deloitte.com/viewerportal/deloittenet/embed.vp?programId=esc_program%3A62879&contentAssocId=association%3A124",
               "Url":"https://dmp.deloittenet.deloitte.com/viewerportal/deloittenet/embed.vp?programId=esc_program%3A62879&contentAssocId=association%3A124"
            },
            "NumOfViews":3,
            "Keywords":"Supply,Chain,Manufacturing,Operations",
            "IsSubcategoryFeatured":true,
            "IsVideoGalleryFeatured":true
         },
         {  
            "__metadata":{  
               "id":"Web/Lists(guid'f98d7d8d-4002-4a17-a6b7-9fc70ad16c41')/Items(7)",
               "uri":"https://ddnet2013.hosting.deloitte.com/sites/DeloitteDoesThat/_api/Web/Lists(guid'f98d7d8d-4002-4a17-a6b7-9fc70ad16c41')/Items(7)",
               "etag":"\"3\"",
               "type":"SP.Data.VideoListItem"
            },
            "SubCategory":{  
               "__metadata":{  
                  "id":"23474984-9b79-4417-8525-6f32fc6f98b4",
                  "type":"SP.Data.Sub_x0020_CategoryListItem"
               },
               "Title":"Tax Technology Consulting & Implementation"
            },
            "BusinessFunction":{  
               "__metadata":{  
                  "id":"febc1b6c-ad3e-4f28-ba1d-2659e67ee2c8",
                  "type":"SP.Data.Business_x0020_FunctionListItem"
               },
               "Title":"Tax"
            },
            "Title":"Tax Technology Consulting & Implementation",
            "Description":null,
            "ThumbnailUrl":{  
               "__metadata":{  
                  "type":"SP.FieldUrlValue"
               },
               "Description":"https://ddnet2013.hosting.deloitte.com/sites/DeloitteDoesThat/Style%20Library/DDT%20Phase%202/images/Advisory%20-%20Accounting%20-%20Reporting%20Transformation%20-%20Anthony%20Waelter.jpg",
               "Url":"https://ddnet2013.hosting.deloitte.com/sites/DeloitteDoesThat/Style%20Library/DDT%20Phase%202/images/Advisory%20-%20Accounting%20-%20Reporting%20Transformation%20-%20Anthony%20Waelter.jpg"
            },
            "DMPUrl":{  
               "__metadata":{  
                  "type":"SP.FieldUrlValue"
               },
               "Description":"https://dmp.deloittenet.deloitte.com/viewerportal/deloittenet/embed.vp?programId=esc_program%3A62868&contentAssocId=association%3A124891",
               "Url":"https://dmp.deloittenet.deloitte.com/viewerportal/deloittenet/embed.vp?programId=esc_program%3A62868&contentAssocId=association%3A124891"
            },
            "NumOfViews":2,
            "Keywords":"Tax,Technology,Consulting,Implementation",
            "IsSubcategoryFeatured":true,
            "IsVideoGalleryFeatured":false
         }
      ]
   }
}