﻿{
  "d": {
    "results": [
      {
        "__metadata": {
          "id": "Web/Lists(guid'4b705218-b52e-468c-8682-9cb5282a0ad4')/Items(1)",
          "uri": "https://sdnet2.hosting.deloitte.com/sites/DeloitteDoesThat/_api/Web/Lists(guid'4b705218-b52e-468c-8682-9cb5282a0ad4')/Items(1)",
          "etag": "\"7\"",
          "type": "SP.Data.Sub_x0020_CategoryListItem"
        },
        "Category": {
          "__metadata": {
            "id": "8b393666-107d-48f1-b1a5-3825281a38e7",
            "type": "SP.Data.CategoryListItem"
          },
          "Title": "Financial Transactions"
        },
        "Business_x0020_Function": {
          "__metadata": {
            "id": "9f3dd3b0-e87d-4e39-a953-91b247eeea14",
            "type": "SP.Data.Business_x0020_FunctionListItem"
          },
          "Title": "Advisory"
        },
        "Title": "Accounting & Reporting Transformation",
        "PageUrl": null,
        "IsHomeEnabled": true
      },
      {
        "__metadata": {
          "id": "Web/Lists(guid'4b705218-b52e-468c-8682-9cb5282a0ad4')/Items(2)",
          "uri": "https://sdnet2.hosting.deloitte.com/sites/DeloitteDoesThat/_api/Web/Lists(guid'4b705218-b52e-468c-8682-9cb5282a0ad4')/Items(2)",
          "etag": "\"6\"",
          "type": "SP.Data.Sub_x0020_CategoryListItem"
        },
        "Category": {
          "__metadata": {
            "id": "22a1f2bc-218f-482f-9979-1524fac9aae6",
            "type": "SP.Data.CategoryListItem"
          },
          "Title": "Financial Transactions"
        },
        "Business_x0020_Function": {
          "__metadata": {
            "id": "b277b333-b38a-489e-9e8e-a2fcff97f820",
            "type": "SP.Data.Business_x0020_FunctionListItem"
          },
          "Title": "Advisory"
        },
        "Title": "Corporate Restructuring",
        "PageUrl": null,
        "IsHomeEnabled": true
      },
      {
        "__metadata": {
          "id": "Web/Lists(guid'4b705218-b52e-468c-8682-9cb5282a0ad4')/Items(3)",
          "uri": "https://sdnet2.hosting.deloitte.com/sites/DeloitteDoesThat/_api/Web/Lists(guid'4b705218-b52e-468c-8682-9cb5282a0ad4')/Items(3)",
          "etag": "\"6\"",
          "type": "SP.Data.Sub_x0020_CategoryListItem"
        },
        "Category": {
          "__metadata": {
            "id": "59ce8a02-24eb-4976-ad58-8546cb900a87",
            "type": "SP.Data.CategoryListItem"
          },
          "Title": "Financial Transactions"
        },
        "Business_x0020_Function": {
          "__metadata": {
            "id": "d68e1ee0-6ae6-44a7-b8f6-3fbaf36eb22a",
            "type": "SP.Data.Business_x0020_FunctionListItem"
          },
          "Title": "Advisory"
        },
        "Title": "Mergers, Acquisitions & Divestitures",
        "PageUrl": null,
        "IsHomeEnabled": true
      },
      {
        "__metadata": {
          "id": "Web/Lists(guid'4b705218-b52e-468c-8682-9cb5282a0ad4')/Items(4)",
          "uri": "https://sdnet2.hosting.deloitte.com/sites/DeloitteDoesThat/_api/Web/Lists(guid'4b705218-b52e-468c-8682-9cb5282a0ad4')/Items(4)",
          "etag": "\"5\"",
          "type": "SP.Data.Sub_x0020_CategoryListItem"
        },
        "Category": {
          "__metadata": {
            "id": "478f363b-2ca7-4418-a6ac-11fd16f21ab6",
            "type": "SP.Data.CategoryListItem"
          },
          "Title": "Financial Transactions"
        },
        "Business_x0020_Function": {
          "__metadata": {
            "id": "23e9c3eb-d0ec-4e78-a7e7-fc99e607f776",
            "type": "SP.Data.Business_x0020_FunctionListItem"
          },
          "Title": "Advisory"
        },
        "Title": "Securitization",
        "PageUrl": null,
        "IsHomeEnabled": true
      },
      {
        "__metadata": {
          "id": "Web/Lists(guid'4b705218-b52e-468c-8682-9cb5282a0ad4')/Items(5)",
          "uri": "https://sdnet2.hosting.deloitte.com/sites/DeloitteDoesThat/_api/Web/Lists(guid'4b705218-b52e-468c-8682-9cb5282a0ad4')/Items(5)",
          "etag": "\"5\"",
          "type": "SP.Data.Sub_x0020_CategoryListItem"
        },
        "Category": {
          "__metadata": {
            "id": "98cbff66-4882-4514-a048-da6a5254c595",
            "type": "SP.Data.CategoryListItem"
          },
          "Title": "Financial Transactions"
        },
        "Business_x0020_Function": {
          "__metadata": {
            "id": "8fbb3d9d-a391-456d-99f2-63a915c785ec",
            "type": "SP.Data.Business_x0020_FunctionListItem"
          },
          "Title": "Advisory"
        },
        "Title": "Valuation",
        "PageUrl": null,
        "IsHomeEnabled": null
      },
      {
        "__metadata": {
          "id": "Web/Lists(guid'4b705218-b52e-468c-8682-9cb5282a0ad4')/Items(6)",
          "uri": "https://sdnet2.hosting.deloitte.com/sites/DeloitteDoesThat/_api/Web/Lists(guid'4b705218-b52e-468c-8682-9cb5282a0ad4')/Items(6)",
          "etag": "\"5\"",
          "type": "SP.Data.Sub_x0020_CategoryListItem"
        },
        "Category": {
          "__metadata": {
            "id": "a933403b-f19f-49ef-8c6a-84459997af4c",
            "type": "SP.Data.CategoryListItem"
          },
          "Title": "Regulatory, Forensics & Compliance"
        },
        "Business_x0020_Function": {
          "__metadata": {
            "id": "26e416f5-f506-4755-a8dd-1e61f98857ee",
            "type": "SP.Data.Business_x0020_FunctionListItem"
          },
          "Title": "Advisory"
        },
        "Title": "Forensic & Investigations",
        "PageUrl": null,
        "IsHomeEnabled": null
      },
      {
        "__metadata": {
          "id": "Web/Lists(guid'4b705218-b52e-468c-8682-9cb5282a0ad4')/Items(7)",
          "uri": "https://sdnet2.hosting.deloitte.com/sites/DeloitteDoesThat/_api/Web/Lists(guid'4b705218-b52e-468c-8682-9cb5282a0ad4')/Items(7)",
          "etag": "\"5\"",
          "type": "SP.Data.Sub_x0020_CategoryListItem"
        },
        "Category": {
          "__metadata": {
            "id": "c8c701a5-1994-479a-a309-757a3199dc2a",
            "type": "SP.Data.CategoryListItem"
          },
          "Title": "Regulatory, Forensics & Compliance"
        },
        "Business_x0020_Function": {
          "__metadata": {
            "id": "083c7dcb-7da9-44a4-96f9-57cffc9afc42",
            "type": "SP.Data.Business_x0020_FunctionListItem"
          },
          "Title": "Advisory"
        },
        "Title": "Internal Audit",
        "PageUrl": null,
        "IsHomeEnabled": null
      },
      {
        "__metadata": {
          "id": "Web/Lists(guid'4b705218-b52e-468c-8682-9cb5282a0ad4')/Items(8)",
          "uri": "https://sdnet2.hosting.deloitte.com/sites/DeloitteDoesThat/_api/Web/Lists(guid'4b705218-b52e-468c-8682-9cb5282a0ad4')/Items(8)",
          "etag": "\"5\"",
          "type": "SP.Data.Sub_x0020_CategoryListItem"
        },
        "Category": {
          "__metadata": {
            "id": "cbd8766f-44b4-4264-a570-897ca29057da",
            "type": "SP.Data.CategoryListItem"
          },
          "Title": "Regulatory, Forensics & Compliance"
        },
        "Business_x0020_Function": {
          "__metadata": {
            "id": "ce5a5d9c-4082-406d-a3c8-72e6e4dad324",
            "type": "SP.Data.Business_x0020_FunctionListItem"
          },
          "Title": "Advisory"
        },
        "Title": "Regulatory & Compliance",
        "PageUrl": null,
        "IsHomeEnabled": null
      },
      {
        "__metadata": {
          "id": "Web/Lists(guid'4b705218-b52e-468c-8682-9cb5282a0ad4')/Items(9)",
          "uri": "https://sdnet2.hosting.deloitte.com/sites/DeloitteDoesThat/_api/Web/Lists(guid'4b705218-b52e-468c-8682-9cb5282a0ad4')/Items(9)",
          "etag": "\"7\"",
          "type": "SP.Data.Sub_x0020_CategoryListItem"
        },
        "Category": {
          "__metadata": {
            "id": "9e41881c-febf-4d07-bafc-b20708bb9b29",
            "type": "SP.Data.CategoryListItem"
          },
          "Title": "Risk & Resilience"
        },
        "Business_x0020_Function": {
          "__metadata": {
            "id": "75dfd867-9be0-49e4-853d-8ce3a68f7d25",
            "type": "SP.Data.Business_x0020_FunctionListItem"
          },
          "Title": "Advisory"
        },
        "Title": "Assurance",
        "PageUrl": null,
        "IsHomeEnabled": null
      },
      {
        "__metadata": {
          "id": "Web/Lists(guid'4b705218-b52e-468c-8682-9cb5282a0ad4')/Items(10)",
          "uri": "https://sdnet2.hosting.deloitte.com/sites/DeloitteDoesThat/_api/Web/Lists(guid'4b705218-b52e-468c-8682-9cb5282a0ad4')/Items(10)",
          "etag": "\"5\"",
          "type": "SP.Data.Sub_x0020_CategoryListItem"
        },
        "Category": {
          "__metadata": {
            "id": "d2a71639-9959-401a-b10d-98c7ccd2326c",
            "type": "SP.Data.CategoryListItem"
          },
          "Title": "Risk & Resilience"
        },
        "Business_x0020_Function": {
          "__metadata": {
            "id": "f6d71644-abe0-4a65-97fa-cb0801a39545",
            "type": "SP.Data.Business_x0020_FunctionListItem"
          },
          "Title": "Advisory"
        },
        "Title": "Cyber Risk",
        "PageUrl": null,
        "IsHomeEnabled": null
      },
      {
        "__metadata": {
          "id": "Web/Lists(guid'4b705218-b52e-468c-8682-9cb5282a0ad4')/Items(11)",
          "uri": "https://sdnet2.hosting.deloitte.com/sites/DeloitteDoesThat/_api/Web/Lists(guid'4b705218-b52e-468c-8682-9cb5282a0ad4')/Items(11)",
          "etag": "\"10\"",
          "type": "SP.Data.Sub_x0020_CategoryListItem"
        },
        "Category": {
          "__metadata": {
            "id": "e9ded88c-4f20-4654-aaef-15b0c8c74616",
            "type": "SP.Data.CategoryListItem"
          },
          "Title": "Risk & Resilience"
        },
        "Business_x0020_Function": {
          "__metadata": {
            "id": "1c1d287a-d300-4acc-8fc8-be26f3c3b6e5",
            "type": "SP.Data.Business_x0020_FunctionListItem"
          },
          "Title": "Advisory"
        },
        "Title": "Finance & Operations",
        "PageUrl": "https://sdnet2.hosting.deloitte.com/sites/DeloitteDoesThat/Pages/Finance_Operations.aspx",
        "IsHomeEnabled": null
      },
      {
        "__metadata": {
          "id": "Web/Lists(guid'4b705218-b52e-468c-8682-9cb5282a0ad4')/Items(12)",
          "uri": "https://sdnet2.hosting.deloitte.com/sites/DeloitteDoesThat/_api/Web/Lists(guid'4b705218-b52e-468c-8682-9cb5282a0ad4')/Items(12)",
          "etag": "\"5\"",
          "type": "SP.Data.Sub_x0020_CategoryListItem"
        },
        "Category": {
          "__metadata": {
            "id": "6f16d843-c1fe-4100-aa1d-081ebd3de614",
            "type": "SP.Data.CategoryListItem"
          },
          "Title": "Risk & Resilience"
        },
        "Business_x0020_Function": {
          "__metadata": {
            "id": "788007a3-eafe-4068-842f-3eaf0d3d8ae6",
            "type": "SP.Data.Business_x0020_FunctionListItem"
          },
          "Title": "Advisory"
        },
        "Title": "Strategic Risk",
        "PageUrl": null,
        "IsHomeEnabled": null
      },
      {
        "__metadata": {
          "id": "Web/Lists(guid'4b705218-b52e-468c-8682-9cb5282a0ad4')/Items(13)",
          "uri": "https://sdnet2.hosting.deloitte.com/sites/DeloitteDoesThat/_api/Web/Lists(guid'4b705218-b52e-468c-8682-9cb5282a0ad4')/Items(13)",
          "etag": "\"5\"",
          "type": "SP.Data.Sub_x0020_CategoryListItem"
        },
        "Category": {
          "__metadata": {
            "id": "272a2834-5e41-4065-8265-70a26e308816",
            "type": "SP.Data.CategoryListItem"
          },
          "Title": "Financial Statement Audits"
        },
        "Business_x0020_Function": {
          "__metadata": {
            "id": "9ba39c61-4456-480b-bf54-45be982e6450",
            "type": "SP.Data.Business_x0020_FunctionListItem"
          },
          "Title": "Audit"
        },
        "Title": "Financial Statement Audits",
        "PageUrl": "Financial_Statement_Audits",
        "IsHomeEnabled": true
      },
      {
        "__metadata": {
          "id": "Web/Lists(guid'4b705218-b52e-468c-8682-9cb5282a0ad4')/Items(14)",
          "uri": "https://sdnet2.hosting.deloitte.com/sites/DeloitteDoesThat/_api/Web/Lists(guid'4b705218-b52e-468c-8682-9cb5282a0ad4')/Items(14)",
          "etag": "\"6\"",
          "type": "SP.Data.Sub_x0020_CategoryListItem"
        },
        "Category": {
          "__metadata": {
            "id": "e9265abd-2fc5-40a6-a26d-8e67f3545f48",
            "type": "SP.Data.CategoryListItem"
          },
          "Title": "DC Technology"
        },
        "Business_x0020_Function": {
          "__metadata": {
            "id": "2e33ba49-1534-4c8e-a5ba-82c6110820fa",
            "type": "SP.Data.Business_x0020_FunctionListItem"
          },
          "Title": "Consulting"
        },
        "Title": "Analytics + Information Management",
        "PageUrl": null,
        "IsHomeEnabled": null
      },
      {
        "__metadata": {
          "id": "Web/Lists(guid'4b705218-b52e-468c-8682-9cb5282a0ad4')/Items(15)",
          "uri": "https://sdnet2.hosting.deloitte.com/sites/DeloitteDoesThat/_api/Web/Lists(guid'4b705218-b52e-468c-8682-9cb5282a0ad4')/Items(15)",
          "etag": "\"5\"",
          "type": "SP.Data.Sub_x0020_CategoryListItem"
        },
        "Category": {
          "__metadata": {
            "id": "99e04ff7-7b51-4388-a85e-20d924aa867e",
            "type": "SP.Data.CategoryListItem"
          },
          "Title": "DC Technology"
        },
        "Business_x0020_Function": {
          "__metadata": {
            "id": "8fa19376-6127-457b-a690-51c80126befc",
            "type": "SP.Data.Business_x0020_FunctionListItem"
          },
          "Title": "Consulting"
        },
        "Title": "Application Management Services",
        "PageUrl": null,
        "IsHomeEnabled": null
      },
      {
        "__metadata": {
          "id": "Web/Lists(guid'4b705218-b52e-468c-8682-9cb5282a0ad4')/Items(16)",
          "uri": "https://sdnet2.hosting.deloitte.com/sites/DeloitteDoesThat/_api/Web/Lists(guid'4b705218-b52e-468c-8682-9cb5282a0ad4')/Items(16)",
          "etag": "\"5\"",
          "type": "SP.Data.Sub_x0020_CategoryListItem"
        },
        "Category": {
          "__metadata": {
            "id": "91bac9db-2cb3-42b6-a144-48c7a0213d83",
            "type": "SP.Data.CategoryListItem"
          },
          "Title": "DC Technology"
        },
        "Business_x0020_Function": {
          "__metadata": {
            "id": "5e4a0754-ed7f-4794-9892-9ba7a9cb9383",
            "type": "SP.Data.Business_x0020_FunctionListItem"
          },
          "Title": "Consulting"
        },
        "Title": "Deloitte Digital",
        "PageUrl": null,
        "IsHomeEnabled": null
      },
      {
        "__metadata": {
          "id": "Web/Lists(guid'4b705218-b52e-468c-8682-9cb5282a0ad4')/Items(17)",
          "uri": "https://sdnet2.hosting.deloitte.com/sites/DeloitteDoesThat/_api/Web/Lists(guid'4b705218-b52e-468c-8682-9cb5282a0ad4')/Items(17)",
          "etag": "\"5\"",
          "type": "SP.Data.Sub_x0020_CategoryListItem"
        },
        "Category": {
          "__metadata": {
            "id": "6775d47e-fab0-48e4-82ab-f873bbf0c291",
            "type": "SP.Data.CategoryListItem"
          },
          "Title": "DC Technology"
        },
        "Business_x0020_Function": {
          "__metadata": {
            "id": "66e76004-3322-4ad0-986d-0bd99dc8d6ab",
            "type": "SP.Data.Business_x0020_FunctionListItem"
          },
          "Title": "Consulting"
        },
        "Title": "Oracle Enterprise Solutions",
        "PageUrl": null,
        "IsHomeEnabled": null
      },
      {
        "__metadata": {
          "id": "Web/Lists(guid'4b705218-b52e-468c-8682-9cb5282a0ad4')/Items(18)",
          "uri": "https://sdnet2.hosting.deloitte.com/sites/DeloitteDoesThat/_api/Web/Lists(guid'4b705218-b52e-468c-8682-9cb5282a0ad4')/Items(18)",
          "etag": "\"2\"",
          "type": "SP.Data.Sub_x0020_CategoryListItem"
        },
        "Category": {
          "__metadata": {
            "id": "dcc5041c-a611-4f8e-b106-5dd1dc7e6167",
            "type": "SP.Data.CategoryListItem"
          },
          "Title": "DC Technology"
        },
        "Business_x0020_Function": {
          "__metadata": {
            "id": "98505600-63f1-4f36-a591-9151af965c30",
            "type": "SP.Data.Business_x0020_FunctionListItem"
          },
          "Title": "Consulting"
        },
        "Title": "SAP",
        "PageUrl": null,
        "IsHomeEnabled": null
      },
      {
        "__metadata": {
          "id": "Web/Lists(guid'4b705218-b52e-468c-8682-9cb5282a0ad4')/Items(19)",
          "uri": "https://sdnet2.hosting.deloitte.com/sites/DeloitteDoesThat/_api/Web/Lists(guid'4b705218-b52e-468c-8682-9cb5282a0ad4')/Items(19)",
          "etag": "\"5\"",
          "type": "SP.Data.Sub_x0020_CategoryListItem"
        },
        "Category": {
          "__metadata": {
            "id": "31001b93-e3c3-43a8-a719-a00f6d910402",
            "type": "SP.Data.CategoryListItem"
          },
          "Title": "DC Technology"
        },
        "Business_x0020_Function": {
          "__metadata": {
            "id": "06963241-2070-4a41-bf0a-c47a390fa638",
            "type": "SP.Data.Business_x0020_FunctionListItem"
          },
          "Title": "Consulting"
        },
        "Title": "Systems Integration",
        "PageUrl": null,
        "IsHomeEnabled": null
      },
      {
        "__metadata": {
          "id": "Web/Lists(guid'4b705218-b52e-468c-8682-9cb5282a0ad4')/Items(20)",
          "uri": "https://sdnet2.hosting.deloitte.com/sites/DeloitteDoesThat/_api/Web/Lists(guid'4b705218-b52e-468c-8682-9cb5282a0ad4')/Items(20)",
          "etag": "\"5\"",
          "type": "SP.Data.Sub_x0020_CategoryListItem"
        },
        "Category": {
          "__metadata": {
            "id": "2b5e5d09-5505-4c96-a8e4-32e70573ee3e",
            "type": "SP.Data.CategoryListItem"
          },
          "Title": "DC Technology"
        },
        "Business_x0020_Function": {
          "__metadata": {
            "id": "a804d737-3fee-44a5-8cd7-36f9e8d4e305",
            "type": "SP.Data.Business_x0020_FunctionListItem"
          },
          "Title": "Consulting"
        },
        "Title": "Technology Strategy & Architecture",
        "PageUrl": null,
        "IsHomeEnabled": null
      },
      {
        "__metadata": {
          "id": "Web/Lists(guid'4b705218-b52e-468c-8682-9cb5282a0ad4')/Items(21)",
          "uri": "https://sdnet2.hosting.deloitte.com/sites/DeloitteDoesThat/_api/Web/Lists(guid'4b705218-b52e-468c-8682-9cb5282a0ad4')/Items(21)",
          "etag": "\"5\"",
          "type": "SP.Data.Sub_x0020_CategoryListItem"
        },
        "Category": {
          "__metadata": {
            "id": "a71b1a30-e0c5-4425-9073-b5d3a0500018",
            "type": "SP.Data.CategoryListItem"
          },
          "Title": "Human Capital"
        },
        "Business_x0020_Function": {
          "__metadata": {
            "id": "87aab826-0266-432f-957f-f36c5e7ecbf6",
            "type": "SP.Data.Business_x0020_FunctionListItem"
          },
          "Title": "Consulting"
        },
        "Title": "Actuarial, Reward & Analytics",
        "PageUrl": null,
        "IsHomeEnabled": null
      },
      {
        "__metadata": {
          "id": "Web/Lists(guid'4b705218-b52e-468c-8682-9cb5282a0ad4')/Items(22)",
          "uri": "https://sdnet2.hosting.deloitte.com/sites/DeloitteDoesThat/_api/Web/Lists(guid'4b705218-b52e-468c-8682-9cb5282a0ad4')/Items(22)",
          "etag": "\"5\"",
          "type": "SP.Data.Sub_x0020_CategoryListItem"
        },
        "Category": {
          "__metadata": {
            "id": "79acfa73-ffe7-4586-9e48-2d8352105dfc",
            "type": "SP.Data.CategoryListItem"
          },
          "Title": "Human Capital"
        },
        "Business_x0020_Function": {
          "__metadata": {
            "id": "ab415d53-560f-4c2e-a9a1-ee79b6f7f119",
            "type": "SP.Data.Business_x0020_FunctionListItem"
          },
          "Title": "Consulting"
        },
        "Title": "Bersin",
        "PageUrl": null,
        "IsHomeEnabled": null
      },
      {
        "__metadata": {
          "id": "Web/Lists(guid'4b705218-b52e-468c-8682-9cb5282a0ad4')/Items(23)",
          "uri": "https://sdnet2.hosting.deloitte.com/sites/DeloitteDoesThat/_api/Web/Lists(guid'4b705218-b52e-468c-8682-9cb5282a0ad4')/Items(23)",
          "etag": "\"6\"",
          "type": "SP.Data.Sub_x0020_CategoryListItem"
        },
        "Category": {
          "__metadata": {
            "id": "8dd4ab4d-dd10-42ad-842f-d4a9bb6239f2",
            "type": "SP.Data.CategoryListItem"
          },
          "Title": "Human Capital"
        },
        "Business_x0020_Function": {
          "__metadata": {
            "id": "190db53c-53fe-4978-943f-1618bd6f0c20",
            "type": "SP.Data.Business_x0020_FunctionListItem"
          },
          "Title": "Consulting"
        },
        "Title": "HR Transformation",
        "PageUrl": null,
        "IsHomeEnabled": null
      },
      {
        "__metadata": {
          "id": "Web/Lists(guid'4b705218-b52e-468c-8682-9cb5282a0ad4')/Items(24)",
          "uri": "https://sdnet2.hosting.deloitte.com/sites/DeloitteDoesThat/_api/Web/Lists(guid'4b705218-b52e-468c-8682-9cb5282a0ad4')/Items(24)",
          "etag": "\"5\"",
          "type": "SP.Data.Sub_x0020_CategoryListItem"
        },
        "Category": {
          "__metadata": {
            "id": "921f75f6-3fb5-4d24-883f-181a141e0118",
            "type": "SP.Data.CategoryListItem"
          },
          "Title": "Human Capital"
        },
        "Business_x0020_Function": {
          "__metadata": {
            "id": "ca9fe328-ee26-4d35-8e77-e8bd13319ea9",
            "type": "SP.Data.Business_x0020_FunctionListItem"
          },
          "Title": "Consulting"
        },
        "Title": "Organization Transformation & Talent",
        "PageUrl": null,
        "IsHomeEnabled": null
      },
      {
        "__metadata": {
          "id": "Web/Lists(guid'4b705218-b52e-468c-8682-9cb5282a0ad4')/Items(25)",
          "uri": "https://sdnet2.hosting.deloitte.com/sites/DeloitteDoesThat/_api/Web/Lists(guid'4b705218-b52e-468c-8682-9cb5282a0ad4')/Items(25)",
          "etag": "\"5\"",
          "type": "SP.Data.Sub_x0020_CategoryListItem"
        },
        "Category": {
          "__metadata": {
            "id": "8b1aa0af-6ae3-4108-8427-8b04604e0e54",
            "type": "SP.Data.CategoryListItem"
          },
          "Title": "Strategy & Operations"
        },
        "Business_x0020_Function": {
          "__metadata": {
            "id": "89f1ce36-8e5a-4e61-86bf-90f8f90a73d0",
            "type": "SP.Data.Business_x0020_FunctionListItem"
          },
          "Title": "Consulting"
        },
        "Title": "Business Model Transformation",
        "PageUrl": null,
        "IsHomeEnabled": null
      },
      {
        "__metadata": {
          "id": "Web/Lists(guid'4b705218-b52e-468c-8682-9cb5282a0ad4')/Items(26)",
          "uri": "https://sdnet2.hosting.deloitte.com/sites/DeloitteDoesThat/_api/Web/Lists(guid'4b705218-b52e-468c-8682-9cb5282a0ad4')/Items(26)",
          "etag": "\"5\"",
          "type": "SP.Data.Sub_x0020_CategoryListItem"
        },
        "Category": {
          "__metadata": {
            "id": "d4134b13-adfa-4597-a34c-cdb0082b8466",
            "type": "SP.Data.CategoryListItem"
          },
          "Title": "Strategy & Operations"
        },
        "Business_x0020_Function": {
          "__metadata": {
            "id": "49c020a6-1a47-44c3-9f72-023c5623a035",
            "type": "SP.Data.Business_x0020_FunctionListItem"
          },
          "Title": "Consulting"
        },
        "Title": "Finance",
        "PageUrl": null,
        "IsHomeEnabled": null
      },
      {
        "__metadata": {
          "id": "Web/Lists(guid'4b705218-b52e-468c-8682-9cb5282a0ad4')/Items(27)",
          "uri": "https://sdnet2.hosting.deloitte.com/sites/DeloitteDoesThat/_api/Web/Lists(guid'4b705218-b52e-468c-8682-9cb5282a0ad4')/Items(27)",
          "etag": "\"5\"",
          "type": "SP.Data.Sub_x0020_CategoryListItem"
        },
        "Category": {
          "__metadata": {
            "id": "458ae792-df09-481c-912b-6ffcf8468097",
            "type": "SP.Data.CategoryListItem"
          },
          "Title": "Strategy & Operations"
        },
        "Business_x0020_Function": {
          "__metadata": {
            "id": "120826de-3f42-4eb5-8e4e-ba52d579d6a8",
            "type": "SP.Data.Business_x0020_FunctionListItem"
          },
          "Title": "Consulting"
        },
        "Title": "Mergers & Acquisitions",
        "PageUrl": null,
        "IsHomeEnabled": null
      },
      {
        "__metadata": {
          "id": "Web/Lists(guid'4b705218-b52e-468c-8682-9cb5282a0ad4')/Items(28)",
          "uri": "https://sdnet2.hosting.deloitte.com/sites/DeloitteDoesThat/_api/Web/Lists(guid'4b705218-b52e-468c-8682-9cb5282a0ad4')/Items(28)",
          "etag": "\"5\"",
          "type": "SP.Data.Sub_x0020_CategoryListItem"
        },
        "Category": {
          "__metadata": {
            "id": "aecf3691-c5cb-4238-b00e-d4dbb870941a",
            "type": "SP.Data.CategoryListItem"
          },
          "Title": "Strategy & Operations"
        },
        "Business_x0020_Function": {
          "__metadata": {
            "id": "c29ebb01-972f-46b3-a4d7-38244c13b570",
            "type": "SP.Data.Business_x0020_FunctionListItem"
          },
          "Title": "Consulting"
        },
        "Title": "Monitor Deloitte",
        "PageUrl": null,
        "IsHomeEnabled": null
      },
      {
        "__metadata": {
          "id": "Web/Lists(guid'4b705218-b52e-468c-8682-9cb5282a0ad4')/Items(29)",
          "uri": "https://sdnet2.hosting.deloitte.com/sites/DeloitteDoesThat/_api/Web/Lists(guid'4b705218-b52e-468c-8682-9cb5282a0ad4')/Items(29)",
          "etag": "\"5\"",
          "type": "SP.Data.Sub_x0020_CategoryListItem"
        },
        "Category": {
          "__metadata": {
            "id": "9fb413fa-3e2c-4184-8f22-4e22012b80fa",
            "type": "SP.Data.CategoryListItem"
          },
          "Title": "Strategy & Operations"
        },
        "Business_x0020_Function": {
          "__metadata": {
            "id": "96942f3a-4dd3-4a32-b1c4-3a0124cd2a0b",
            "type": "SP.Data.Business_x0020_FunctionListItem"
          },
          "Title": "Consulting"
        },
        "Title": "Service Operations",
        "PageUrl": null,
        "IsHomeEnabled": null
      },
      {
        "__metadata": {
          "id": "Web/Lists(guid'4b705218-b52e-468c-8682-9cb5282a0ad4')/Items(31)",
          "uri": "https://sdnet2.hosting.deloitte.com/sites/DeloitteDoesThat/_api/Web/Lists(guid'4b705218-b52e-468c-8682-9cb5282a0ad4')/Items(31)",
          "etag": "\"6\"",
          "type": "SP.Data.Sub_x0020_CategoryListItem"
        },
        "Category": {
          "__metadata": {
            "id": "5d82d94d-79b7-478f-ba65-05acfa066948",
            "type": "SP.Data.CategoryListItem"
          },
          "Title": "Strategy & Operations"
        },
        "Business_x0020_Function": {
          "__metadata": {
            "id": "1b061261-a608-4db3-bace-bfc3a7a0d640",
            "type": "SP.Data.Business_x0020_FunctionListItem"
          },
          "Title": "Consulting"
        },
        "Title": "Supply Chain & Manufacturing Operations",
        "PageUrl": null,
        "IsHomeEnabled": null
      },
      {
        "__metadata": {
          "id": "Web/Lists(guid'4b705218-b52e-468c-8682-9cb5282a0ad4')/Items(32)",
          "uri": "https://sdnet2.hosting.deloitte.com/sites/DeloitteDoesThat/_api/Web/Lists(guid'4b705218-b52e-468c-8682-9cb5282a0ad4')/Items(32)",
          "etag": "\"5\"",
          "type": "SP.Data.Sub_x0020_CategoryListItem"
        },
        "Category": {
          "__metadata": {
            "id": "2e02a29e-496e-419b-9598-a1f514695aab",
            "type": "SP.Data.CategoryListItem"
          },
          "Title": "Global"
        },
        "Business_x0020_Function": {
          "__metadata": {
            "id": "5f59edde-7769-49bc-ac63-303c7816974a",
            "type": "SP.Data.Business_x0020_FunctionListItem"
          },
          "Title": "Tax"
        },
        "Title": "Global Financial Transactions & Information Reporting",
        "PageUrl": null,
        "IsHomeEnabled": null
      },
      {
        "__metadata": {
          "id": "Web/Lists(guid'4b705218-b52e-468c-8682-9cb5282a0ad4')/Items(33)",
          "uri": "https://sdnet2.hosting.deloitte.com/sites/DeloitteDoesThat/_api/Web/Lists(guid'4b705218-b52e-468c-8682-9cb5282a0ad4')/Items(33)",
          "etag": "\"5\"",
          "type": "SP.Data.Sub_x0020_CategoryListItem"
        },
        "Category": {
          "__metadata": {
            "id": "8d6b9873-097c-47ca-9ba4-24b52257c3a3",
            "type": "SP.Data.CategoryListItem"
          },
          "Title": "Global"
        },
        "Business_x0020_Function": {
          "__metadata": {
            "id": "273bd3e2-2e00-4779-a8a1-e5b1de6fb98b",
            "type": "SP.Data.Business_x0020_FunctionListItem"
          },
          "Title": "Tax"
        },
        "Title": "Cross-border Talent Mobility Strategy & Advisory",
        "PageUrl": null,
        "IsHomeEnabled": null
      },
      {
        "__metadata": {
          "id": "Web/Lists(guid'4b705218-b52e-468c-8682-9cb5282a0ad4')/Items(34)",
          "uri": "https://sdnet2.hosting.deloitte.com/sites/DeloitteDoesThat/_api/Web/Lists(guid'4b705218-b52e-468c-8682-9cb5282a0ad4')/Items(34)",
          "etag": "\"3\"",
          "type": "SP.Data.Sub_x0020_CategoryListItem"
        },
        "Category": {
          "__metadata": {
            "id": "20d4419f-c4be-4c15-bcb5-28912f4047af",
            "type": "SP.Data.CategoryListItem"
          },
          "Title": "Mergers and Acquisitions"
        },
        "Business_x0020_Function": {
          "__metadata": {
            "id": "acd4d6e2-73f6-4b33-917c-3d74e8460bdf",
            "type": "SP.Data.Business_x0020_FunctionListItem"
          },
          "Title": "Tax"
        },
        "Title": "Tax Mergers and Acquisitions",
        "PageUrl": null,
        "IsHomeEnabled": null
      },
      {
        "__metadata": {
          "id": "Web/Lists(guid'4b705218-b52e-468c-8682-9cb5282a0ad4')/Items(35)",
          "uri": "https://sdnet2.hosting.deloitte.com/sites/DeloitteDoesThat/_api/Web/Lists(guid'4b705218-b52e-468c-8682-9cb5282a0ad4')/Items(35)",
          "etag": "\"5\"",
          "type": "SP.Data.Sub_x0020_CategoryListItem"
        },
        "Category": {
          "__metadata": {
            "id": "8de874fd-950a-49ad-93db-da737a14f9f6",
            "type": "SP.Data.CategoryListItem"
          },
          "Title": "Supply Chain"
        },
        "Business_x0020_Function": {
          "__metadata": {
            "id": "91f36044-3c5f-4648-80a8-b085d5629fc9",
            "type": "SP.Data.Business_x0020_FunctionListItem"
          },
          "Title": "Tax"
        },
        "Title": "Business Model Optimization",
        "PageUrl": null,
        "IsHomeEnabled": null
      },
      {
        "__metadata": {
          "id": "Web/Lists(guid'4b705218-b52e-468c-8682-9cb5282a0ad4')/Items(36)",
          "uri": "https://sdnet2.hosting.deloitte.com/sites/DeloitteDoesThat/_api/Web/Lists(guid'4b705218-b52e-468c-8682-9cb5282a0ad4')/Items(36)",
          "etag": "\"5\"",
          "type": "SP.Data.Sub_x0020_CategoryListItem"
        },
        "Category": {
          "__metadata": {
            "id": "4291b1e6-2f22-4d96-81a4-87152d77cd19",
            "type": "SP.Data.CategoryListItem"
          },
          "Title": "Supply Chain"
        },
        "Business_x0020_Function": {
          "__metadata": {
            "id": "d3daf2af-b27c-4dbe-84f0-cc16d2c6ea2e",
            "type": "SP.Data.Business_x0020_FunctionListItem"
          },
          "Title": "Tax"
        },
        "Title": "IP Planning",
        "PageUrl": null,
        "IsHomeEnabled": null
      },
      {
        "__metadata": {
          "id": "Web/Lists(guid'4b705218-b52e-468c-8682-9cb5282a0ad4')/Items(37)",
          "uri": "https://sdnet2.hosting.deloitte.com/sites/DeloitteDoesThat/_api/Web/Lists(guid'4b705218-b52e-468c-8682-9cb5282a0ad4')/Items(37)",
          "etag": "\"5\"",
          "type": "SP.Data.Sub_x0020_CategoryListItem"
        },
        "Category": {
          "__metadata": {
            "id": "bab0537a-eff7-4d13-9b2c-e07f73bce711",
            "type": "SP.Data.CategoryListItem"
          },
          "Title": "Transformation"
        },
        "Business_x0020_Function": {
          "__metadata": {
            "id": "57546eb4-51a1-453e-95e3-ecb5a98cf0de",
            "type": "SP.Data.Business_x0020_FunctionListItem"
          },
          "Title": "Tax"
        },
        "Title": "Tax Technology Consulting & Implementation",
        "PageUrl": null,
        "IsHomeEnabled": null
      },
      {
        "__metadata": {
          "id": "Web/Lists(guid'4b705218-b52e-468c-8682-9cb5282a0ad4')/Items(38)",
          "uri": "https://sdnet2.hosting.deloitte.com/sites/DeloitteDoesThat/_api/Web/Lists(guid'4b705218-b52e-468c-8682-9cb5282a0ad4')/Items(38)",
          "etag": "\"3\"",
          "type": "SP.Data.Sub_x0020_CategoryListItem"
        },
        "Category": {
          "__metadata": {
            "id": "51979c0b-6860-4abb-ba27-e18f76d7c783",
            "type": "SP.Data.CategoryListItem"
          },
          "Title": "Other Tax Services"
        },
        "Business_x0020_Function": {
          "__metadata": {
            "id": "4ff6bb15-b61b-49ad-8538-e64830721115",
            "type": "SP.Data.Business_x0020_FunctionListItem"
          },
          "Title": "Tax"
        },
        "Title": "Compliance, Reporting & Risk Management Services - Direct and Indirect Taxes",
        "PageUrl": null,
        "IsHomeEnabled": null
      },
      {
        "__metadata": {
          "id": "Web/Lists(guid'4b705218-b52e-468c-8682-9cb5282a0ad4')/Items(39)",
          "uri": "https://sdnet2.hosting.deloitte.com/sites/DeloitteDoesThat/_api/Web/Lists(guid'4b705218-b52e-468c-8682-9cb5282a0ad4')/Items(39)",
          "etag": "\"3\"",
          "type": "SP.Data.Sub_x0020_CategoryListItem"
        },
        "Category": {
          "__metadata": {
            "id": "58c433f3-d1d3-4a03-8356-de6c1949f47b",
            "type": "SP.Data.CategoryListItem"
          },
          "Title": "Other Tax Services"
        },
        "Business_x0020_Function": {
          "__metadata": {
            "id": "88c08467-756f-41d3-bb31-ec4d3b1acde4",
            "type": "SP.Data.Business_x0020_FunctionListItem"
          },
          "Title": "Tax"
        },
        "Title": "Private Wealth Tax Planning",
        "PageUrl": null,
        "IsHomeEnabled": null
      },
      {
        "__metadata": {
          "id": "Web/Lists(guid'4b705218-b52e-468c-8682-9cb5282a0ad4')/Items(40)",
          "uri": "https://sdnet2.hosting.deloitte.com/sites/DeloitteDoesThat/_api/Web/Lists(guid'4b705218-b52e-468c-8682-9cb5282a0ad4')/Items(40)",
          "etag": "\"3\"",
          "type": "SP.Data.Sub_x0020_CategoryListItem"
        },
        "Category": {
          "__deferred": {
            "uri": "https://sdnet2.hosting.deloitte.com/sites/DeloitteDoesThat/_api/Web/Lists(guid'4b705218-b52e-468c-8682-9cb5282a0ad4')/Items(40)/Category"
          }
        },
        "Business_x0020_Function": {
          "__metadata": {
            "id": "a095c6d0-76fd-4b68-ab56-0164b6c0c515",
            "type": "SP.Data.Business_x0020_FunctionListItem"
          },
          "Title": "Cross-Business"
        },
        "Title": "Analytics",
        "PageUrl": null,
        "IsHomeEnabled": null
      },
      {
        "__metadata": {
          "id": "Web/Lists(guid'4b705218-b52e-468c-8682-9cb5282a0ad4')/Items(41)",
          "uri": "https://sdnet2.hosting.deloitte.com/sites/DeloitteDoesThat/_api/Web/Lists(guid'4b705218-b52e-468c-8682-9cb5282a0ad4')/Items(41)",
          "etag": "\"5\"",
          "type": "SP.Data.Sub_x0020_CategoryListItem"
        },
        "Category": {
          "__deferred": {
            "uri": "https://sdnet2.hosting.deloitte.com/sites/DeloitteDoesThat/_api/Web/Lists(guid'4b705218-b52e-468c-8682-9cb5282a0ad4')/Items(41)/Category"
          }
        },
        "Business_x0020_Function": {
          "__metadata": {
            "id": "bcfa7588-3d01-442b-9a8c-785d1a85cfce",
            "type": "SP.Data.Business_x0020_FunctionListItem"
          },
          "Title": "Cross-Business"
        },
        "Title": "Finance Transformation",
        "PageUrl": null,
        "IsHomeEnabled": null
      },
      {
        "__metadata": {
          "id": "Web/Lists(guid'4b705218-b52e-468c-8682-9cb5282a0ad4')/Items(42)",
          "uri": "https://sdnet2.hosting.deloitte.com/sites/DeloitteDoesThat/_api/Web/Lists(guid'4b705218-b52e-468c-8682-9cb5282a0ad4')/Items(42)",
          "etag": "\"5\"",
          "type": "SP.Data.Sub_x0020_CategoryListItem"
        },
        "Category": {
          "__deferred": {
            "uri": "https://sdnet2.hosting.deloitte.com/sites/DeloitteDoesThat/_api/Web/Lists(guid'4b705218-b52e-468c-8682-9cb5282a0ad4')/Items(42)/Category"
          }
        },
        "Business_x0020_Function": {
          "__metadata": {
            "id": "4fee63f3-7e89-44ff-bd27-4ff491472f1f",
            "type": "SP.Data.Business_x0020_FunctionListItem"
          },
          "Title": "Cross-Business"
        },
        "Title": "Merger & Acquisition Services",
        "PageUrl": null,
        "IsHomeEnabled": true
      },
      {
        "__metadata": {
          "id": "Web/Lists(guid'4b705218-b52e-468c-8682-9cb5282a0ad4')/Items(43)",
          "uri": "https://sdnet2.hosting.deloitte.com/sites/DeloitteDoesThat/_api/Web/Lists(guid'4b705218-b52e-468c-8682-9cb5282a0ad4')/Items(43)",
          "etag": "\"5\"",
          "type": "SP.Data.Sub_x0020_CategoryListItem"
        },
        "Category": {
          "__deferred": {
            "uri": "https://sdnet2.hosting.deloitte.com/sites/DeloitteDoesThat/_api/Web/Lists(guid'4b705218-b52e-468c-8682-9cb5282a0ad4')/Items(43)/Category"
          }
        },
        "Business_x0020_Function": {
          "__metadata": {
            "id": "3f3d5037-85ae-4dc7-ab1e-d5e2f6e6f5d5",
            "type": "SP.Data.Business_x0020_FunctionListItem"
          },
          "Title": "Cross-Business"
        },
        "Title": "Service Delivery Transformation",
        "PageUrl": null,
        "IsHomeEnabled": null
      }
    ]
  }
}