{
  "d": {
    "results": [
      {
        "__metadata": {
          "id": "Web/Lists(guid'3364d8df-b0c7-4c4f-8643-fa14ae8a6e32')/Items(40)",
          "uri": "https://ddnet2013.hosting.deloitte.com/sites/DeloitteDoesThat/_api/Web/Lists(guid'3364d8df-b0c7-4c4f-8643-fa14ae8a6e32')/Items(40)",
          "etag": "\"2\"",
          "type": "SP.Data.SolutionListItem"
        },
        "Sub_x0020_Category": {
          "__metadata": {
            "id": "6c113a96-0046-4246-94ec-606fa47ee9fe",
            "type": "SP.Data.Sub_x0020_CategoryListItem"
          },
          "Title": "Finance & Operations",
          "Id": 11,
          "PageUrl": "https://ddnet2013.hosting.deloitte.com/sites/DeloitteDoesThat/Pages/Finance_Operations.aspx"
        }
      }
    ]
  }
}