{
  "d": {
    "results": [
      {
        "__metadata": {
          "id": "Web/Lists(guid'ff3a09dc-374d-4f82-8c90-d132c17607d7')/Items(2)",
          "uri": "https://ddnet2013.hosting.deloitte.com/sites/DeloitteDoesThat/_api/Web/Lists(guid'ff3a09dc-374d-4f82-8c90-d132c17607d7')/Items(2)",
          "etag": "\"13\"",
          "type": "SP.Data.VideoListItem"
        },
        "SubCategory": {
          "__metadata": {
            "id": "ffd2eb8f-2c01-479f-8240-02d7a1adbd53",
            "type": "SP.Data.Sub_x0020_CategoryListItem"
          },
          "Title": "Accounting & Reporting Transformation",
          "PageUrl": null,
          "Id": 43
        },
        "Solution": {
          "__deferred": {
            "uri": "https://ddnet2013.hosting.deloitte.com/sites/DeloitteDoesThat/_api/Web/Lists(guid'ff3a09dc-374d-4f82-8c90-d132c17607d7')/Items(2)/Solution"
          }
        },
        "Keywords": "Valuation, test, Deloitte"
      }
    ]
  }
}