﻿{
  "d": {
    "results": [
      {
        "__metadata": {
          "id": "Web/Lists(guid'b40eb7fa-ac61-4434-982c-91426c2bc35a')/Items(1)",
          "uri": "https://ddnet2013.hosting.deloitte.com/sites/DeloitteDoesThat/_api/Web/Lists(guid'b40eb7fa-ac61-4434-982c-91426c2bc35a')/Items(1)",
          "etag": "\"41\"",
          "type": "SP.Data.VideoListItem"
        },
        "SubCategory": {
          "__metadata": {
            "id": "31b0127b-e978-4829-8b17-c927a48ac503",
            "type": "SP.Data.Sub_x0020_CategoryListItem"
          },
          "Title": "Accounting & Reporting Transformation",
          "PageUrl": "https://ddnet2013.hosting.deloitte.com/sites/DeloitteDoesThat/Pages/Accounting_Reporting_Transformation.aspx"
        },
        "Title": "Advisory - Accounting & Reporting Transformation",
        "ThumbnailUrl": {
          "__metadata": { "type": "SP.FieldUrlValue" },
          "Description": "https://ddnet2013.hosting.deloitte.com/sites/DeloitteDoesThat/PublishingImages/Advisory%20-%20Accounting%20Reporting%20Transformation%20-%20Anthony%20Waelter.jpg",
          "Url": "https://ddnet2013.hosting.deloitte.com/sites/DeloitteDoesThat/PublishingImages/Advisory%20-%20Accounting%20Reporting%20Transformation%20-%20Anthony%20Waelter.jpg"
        },
        "IsVideoGalleryFeatured": false
      },
      {
        "__metadata": {
          "id": "Web/Lists(guid'b40eb7fa-ac61-4434-982c-91426c2bc35a')/Items(2)",
          "uri": "https://ddnet2013.hosting.deloitte.com/sites/DeloitteDoesThat/_api/Web/Lists(guid'b40eb7fa-ac61-4434-982c-91426c2bc35a')/Items(2)",
          "etag": "\"36\"",
          "type": "SP.Data.VideoListItem"
        },
        "SubCategory": {
          "__metadata": {
            "id": "3bc71243-40af-4cf9-9f58-6d5ed723c4f6",
            "type": "SP.Data.Sub_x0020_CategoryListItem"
          },
          "Title": "Accounting & Reporting Transformation",
          "PageUrl": "https://ddnet2013.hosting.deloitte.com/sites/DeloitteDoesThat/Pages/Accounting_Reporting_Transformation.aspx"
        },
        "Title": "Advisory - Accounting & Reporting Transformation",
        "ThumbnailUrl": {
          "__metadata": { "type": "SP.FieldUrlValue" },
          "Description": "https://ddnet2013.hosting.deloitte.com/sites/DeloitteDoesThat/PublishingImages/Mini_Still_How we help our clients.jpg",
          "Url": "https://ddnet2013.hosting.deloitte.com/sites/DeloitteDoesThat/PublishingImages/Mini_Still_How%20we%20help%20our%20clients.jpg"
        },
        "IsVideoGalleryFeatured": false
      },
      {
        "__metadata": {
          "id": "Web/Lists(guid'b40eb7fa-ac61-4434-982c-91426c2bc35a')/Items(46)",
          "uri": "https://ddnet2013.hosting.deloitte.com/sites/DeloitteDoesThat/_api/Web/Lists(guid'b40eb7fa-ac61-4434-982c-91426c2bc35a')/Items(46)",
          "etag": "\"3\"",
          "type": "SP.Data.VideoListItem"
        },
        "SubCategory": {
          "__metadata": {
            "id": "efabb709-fa8f-4b0f-9c8e-0bc1b5c3a151",
            "type": "SP.Data.Sub_x0020_CategoryListItem"
          },
          "Title": "Mergers, Acquisitions & Divestitures",
          "PageUrl": "https://ddnet2013.hosting.deloitte.com/sites/DeloitteDoesThat/Pages/Mergers_Acquisitions_Divestitures.aspx"
        },
        "Title": "Advisory - Mergers, Acquisitions & Divestitures",
        "ThumbnailUrl": {
          "__metadata": { "type": "SP.FieldUrlValue" },
          "Description": "https://ddnet2013.hosting.deloitte.com/sites/DeloitteDoesThat/PublishingImages/040317_Russell_Thomson.jpg",
          "Url": "https://ddnet2013.hosting.deloitte.com/sites/DeloitteDoesThat/PublishingImages/040317_Russell_Thomson.jpg"
        },
        "IsVideoGalleryFeatured": false
      },
      {
        "__metadata": {
          "id": "Web/Lists(guid'b40eb7fa-ac61-4434-982c-91426c2bc35a')/Items(76)",
          "uri": "https://ddnet2013.hosting.deloitte.com/sites/DeloitteDoesThat/_api/Web/Lists(guid'b40eb7fa-ac61-4434-982c-91426c2bc35a')/Items(76)",
          "etag": "\"3\"",
          "type": "SP.Data.VideoListItem"
        },
        "SubCategory": {
          "__metadata": {
            "id": "d71765af-35d8-4a57-a502-a9d10a0d63e8",
            "type": "SP.Data.Sub_x0020_CategoryListItem"
          },
          "Title": "Corporate Restructuring",
          "PageUrl": "https://ddnet2013.hosting.deloitte.com/sites/DeloitteDoesThat/Pages/Corporate_Restructuring.aspx"
        },
        "Title": "Advisory - Corporate Restructuring",
        "ThumbnailUrl": {
          "__metadata": { "type": "SP.FieldUrlValue" },
          "Description": "https://ddnet2013.hosting.deloitte.com/sites/DeloitteDoesThat/PublishingImages/040517_Kirk_Blair.jpg",
          "Url": "https://ddnet2013.hosting.deloitte.com/sites/DeloitteDoesThat/PublishingImages/040517_Kirk_Blair.jpg"
        },
        "IsVideoGalleryFeatured": false
      },
      {
        "__metadata": {
          "id": "Web/Lists(guid'b40eb7fa-ac61-4434-982c-91426c2bc35a')/Items(79)",
          "uri": "https://ddnet2013.hosting.deloitte.com/sites/DeloitteDoesThat/_api/Web/Lists(guid'b40eb7fa-ac61-4434-982c-91426c2bc35a')/Items(79)",
          "etag": "\"3\"",
          "type": "SP.Data.VideoListItem"
        },
        "SubCategory": {
          "__metadata": {
            "id": "d3beeadb-a3eb-4c51-94d9-c4dcb5dbaca3",
            "type": "SP.Data.Sub_x0020_CategoryListItem"
          },
          "Title": "Securitization",
          "PageUrl": "https://ddnet2013.hosting.deloitte.com/sites/DeloitteDoesThat/Pages/Securitization.aspx"
        },
        "Title": "Advisory - Securitization",
        "ThumbnailUrl": {
          "__metadata": { "type": "SP.FieldUrlValue" },
          "Description": "https://ddnet2013.hosting.deloitte.com/sites/DeloitteDoesThat/PublishingImages/040517_S_Guy_Sindle.jpg",
          "Url": "https://ddnet2013.hosting.deloitte.com/sites/DeloitteDoesThat/PublishingImages/040517_S_Guy_Sindle.jpg"
        },
        "IsVideoGalleryFeatured": false
      },
      {
        "__metadata": {
          "id": "Web/Lists(guid'b40eb7fa-ac61-4434-982c-91426c2bc35a')/Items(82)",
          "uri": "https://ddnet2013.hosting.deloitte.com/sites/DeloitteDoesThat/_api/Web/Lists(guid'b40eb7fa-ac61-4434-982c-91426c2bc35a')/Items(82)",
          "etag": "\"3\"",
          "type": "SP.Data.VideoListItem"
        },
        "SubCategory": {
          "__metadata": {
            "id": "de220db7-5446-40ea-a11e-d229b8d14140",
            "type": "SP.Data.Sub_x0020_CategoryListItem"
          },
          "Title": "Valuation",
          "PageUrl": "https://ddnet2013.hosting.deloitte.com/sites/DeloitteDoesThat/Pages/Valuation.aspx"
        },
        "Title": "Advisory - Valuation",
        "ThumbnailUrl": {
          "__metadata": { "type": "SP.FieldUrlValue" },
          "Description": "https://ddnet2013.hosting.deloitte.com/sites/DeloitteDoesThat/PublishingImages/040517_V_Justin_Silber.jpg",
          "Url": "https://ddnet2013.hosting.deloitte.com/sites/DeloitteDoesThat/PublishingImages/040517_V_Justin_Silber.jpg"
        },
        "IsVideoGalleryFeatured": false
      }
    ]
  }
}