{
  "d": {
    "results": [
      {
        "__metadata": {
          "id": "Web/Lists(guid'f98d7d8d-4002-4a17-a6b7-9fc70ad16c41')/Items(1)",
          "uri": "https://ddnet2013.hosting.deloitte.com/sites/DeloitteDoesThat/_api/Web/Lists(guid'f98d7d8d-4002-4a17-a6b7-9fc70ad16c41')/Items(1)",
          "etag": "\"5\"",
          "type": "SP.Data.VideoListItem"
        },
        "Id": 1,
        "Title": "Finance & Operations",
        "Description": "​Finance & Operations teams help clients enhance their business\nperformance through the implementation of leading practice controls, processes,\nand technologies to better manage…",
        "ThumbnailUrl": {
          "__metadata": {
            "type": "SP.FieldUrlValue"
          },
          "Description": "https://ddnet2013.hosting.deloitte.com/sites/DeloitteDoesThat/Style%20Library/DDT%20Phase%202/images/Advisory%20-%20Valuation%20-%20Justin%20Silber.jpg",
          "Url": "https://ddnet2013.hosting.deloitte.com/sites/DeloitteDoesThat/Style%20Library/DDT%20Phase%202/images/Advisory%20-%20Valuation%20-%20Justin%20Silber.jpg"
        },
        "DMPUrl": {
          "__metadata": {
            "type": "SP.FieldUrlValue"
          },
          "Description": "https://dmp.deloittenet.deloitte.com/viewerportal/deloittenet/embed.vp?programId=esc_program%3A62056&contentAssocId=association%3A124665",
          "Url": "https://dmp.deloittenet.deloitte.com/viewerportal/deloittenet/embed.vp?programId=esc_program%3A62056&contentAssocId=association%3A124665"
        },
        "NumOfViews": 1,
        "Keywords": "Finance,Operations",
        "IsSubcategoryFeatured": false,
        "IsVideoGalleryFeatured": false,
        "ID": 1
      },
      {
        "__metadata": {
          "id": "Web/Lists(guid'f98d7d8d-4002-4a17-a6b7-9fc70ad16c41')/Items(5)",
          "uri": "https://ddnet2013.hosting.deloitte.com/sites/DeloitteDoesThat/_api/Web/Lists(guid'f98d7d8d-4002-4a17-a6b7-9fc70ad16c41')/Items(5)",
          "etag": "\"5\"",
          "type": "SP.Data.VideoListItem"
        },
        "Id": 5,
        "Title": "Finance & Operations can help !",
        "Description": null,
        "ThumbnailUrl": {
          "__metadata": {
            "type": "SP.FieldUrlValue"
          },
          "Description": "https://ddnet2013.hosting.deloitte.com/sites/DeloitteDoesThat/Style%20Library/DDT%20Phase%202/images/Advisory%20-%20Valuation%20-%20Justin%20Silber.jpg",
          "Url": "https://ddnet2013.hosting.deloitte.com/sites/DeloitteDoesThat/Style%20Library/DDT%20Phase%202/images/Advisory%20-%20Valuation%20-%20Justin%20Silber.jpg"
        },
        "DMPUrl": {
          "__metadata": {
            "type": "SP.FieldUrlValue"
          },
          "Description": "https://dmp.deloittenet.deloitte.com/viewerportal/deloittenet/embed.vp?programId=esc_program%3A62059&contentAssocId=association%3A124173",
          "Url": "https://dmp.deloittenet.deloitte.com/viewerportal/deloittenet/embed.vp?programId=esc_program%3A62059&contentAssocId=association%3A124173"
        },
        "NumOfViews": 12,
        "Keywords": "Finance",
        "IsSubcategoryFeatured": true,
        "IsVideoGalleryFeatured": false,
        "ID": 5
      },
      {
        "__metadata": {
          "id": "Web/Lists(guid'f98d7d8d-4002-4a17-a6b7-9fc70ad16c41')/Items(6)",
          "uri": "https://ddnet2013.hosting.deloitte.com/sites/DeloitteDoesThat/_api/Web/Lists(guid'f98d7d8d-4002-4a17-a6b7-9fc70ad16c41')/Items(6)",
          "etag": "\"13\"",
          "type": "SP.Data.VideoListItem"
        },
        "Id": 6,
        "Title": "​Finance & Operations and Finance",
        "Description": "​Finance & Operations teams help clients enhance their business\nperformance through the implementation of leading practice controls, processes,and technologies to better manage.​Finance & Operations teams help clients enhance their business\nperformance through the implementation of leading practice controls, processes,and technologies to better manage. AYodhya Krishnamsetty AYodhya Krishnamsetty AYodhya Krishnamsetty",
        "ThumbnailUrl": {
          "__metadata": {
            "type": "SP.FieldUrlValue"
          },
          "Description": "https://ddnet2013.hosting.deloitte.com/sites/DeloitteDoesThat/Style%20Library/DDT%20Phase%202/images/Advisory%20-%20Forensic%20-%20Investigations%20-%20Don%20Fancher.jpg",
          "Url": "https://ddnet2013.hosting.deloitte.com/sites/DeloitteDoesThat/Style%20Library/DDT%20Phase%202/images/Advisory%20-%20Forensic%20-%20Investigations%20-%20Don%20Fancher.jpg"
        },
        "DMPUrl": {
          "__metadata": {
            "type": "SP.FieldUrlValue"
          },
          "Description": "https://dmp.deloittenet.deloitte.com/viewerportal/deloittenet/embed.vp?programId=esc_program%3A62879&contentAssocId=association%3A124",
          "Url": "https://dmp.deloittenet.deloitte.com/viewerportal/deloittenet/embed.vp?programId=esc_program%3A62879&contentAssocId=association%3A124"
        },
        "NumOfViews": 3,
        "Keywords": "Supply,Chain,Manufacturing,Operations",
        "IsSubcategoryFeatured": true,
        "IsVideoGalleryFeatured": true,
        "ID": 6
      },
      {
        "__metadata": {
          "id": "Web/Lists(guid'f98d7d8d-4002-4a17-a6b7-9fc70ad16c41')/Items(11)",
          "uri": "https://ddnet2013.hosting.deloitte.com/sites/DeloitteDoesThat/_api/Web/Lists(guid'f98d7d8d-4002-4a17-a6b7-9fc70ad16c41')/Items(11)",
          "etag": "\"1\"",
          "type": "SP.Data.VideoListItem"
        },
        "Id": 11,
        "Title": "Finance & Operations Consulting",
        "Description": "Blending strategy, creativity, and technology? Deloitte Does That… through Deloitte Digital",
        "ThumbnailUrl": {
          "__metadata": {
            "type": "SP.FieldUrlValue"
          },
          "Description": "https://ddnet2013.hosting.deloitte.com/sites/DeloitteDoesThat/Style%20Library/DDT%20Phase%202/images/Advisory%20-%20Forensic%20-%20Investigations%20-%20Don%20Fancher.jpg",
          "Url": "https://ddnet2013.hosting.deloitte.com/sites/DeloitteDoesThat/Style%20Library/DDT%20Phase%202/images/Advisory%20-%20Forensic%20-%20Investigations%20-%20Don%20Fancher.jpg"
        },
        "DMPUrl": {
          "__metadata": {
            "type": "SP.FieldUrlValue"
          },
          "Description": "https://dmp.deloittenet.deloitte.com/viewerportal/deloittenet/embed.vp?programId=esc_program%3A62879&contentAssocId=association%3A124",
          "Url": "https://dmp.deloittenet.deloitte.com/viewerportal/deloittenet/embed.vp?programId=esc_program%3A62879&contentAssocId=association%3A124"
        },
        "NumOfViews": 21,
        "Keywords": null,
        "IsSubcategoryFeatured": false,
        "IsVideoGalleryFeatured": false,
        "ID": 11
      },
      {
        "__metadata": {
          "id": "Web/Lists(guid'f98d7d8d-4002-4a17-a6b7-9fc70ad16c41')/Items(12)",
          "uri": "https://ddnet2013.hosting.deloitte.com/sites/DeloitteDoesThat/_api/Web/Lists(guid'f98d7d8d-4002-4a17-a6b7-9fc70ad16c41')/Items(12)",
          "etag": "\"4\"",
          "type": "SP.Data.VideoListItem"
        },
        "Id": 12,
        "Title": "Finance & Operations Consulting one",
        "Description": "Deloitte does that… through the Service Delivery Transformation Integrated Market Offering",
        "ThumbnailUrl": {
          "__metadata": {
            "type": "SP.FieldUrlValue"
          },
          "Description": "https://ddnet2013.hosting.deloitte.com/sites/DeloitteDoesThat/Style%20Library/DDT%20Phase%202/images/Advisory%20-%20Forensic%20-%20Investigations%20-%20Don%20Fancher.jpg",
          "Url": "https://ddnet2013.hosting.deloitte.com/sites/DeloitteDoesThat/Style%20Library/DDT%20Phase%202/images/Advisory%20-%20Forensic%20-%20Investigations%20-%20Don%20Fancher.jpg"
        },
        "DMPUrl": {
          "__metadata": {
            "type": "SP.FieldUrlValue"
          },
          "Description": "https://dmp.deloittenet.deloitte.com/viewerportal/deloittenet/embed.vp?programId=esc_program%3A62879&contentAssocId=association%3A124",
          "Url": "https://dmp.deloittenet.deloitte.com/viewerportal/deloittenet/embed.vp?programId=esc_program%3A62879&contentAssocId=association%3A124"
        },
        "NumOfViews": null,
        "Keywords": "Supply,Chain,Manufacturing,Operations",
        "IsSubcategoryFeatured": false,
        "IsVideoGalleryFeatured": false,
        "ID": 12
      },
      {
        "__metadata": {
          "id": "Web/Lists(guid'f98d7d8d-4002-4a17-a6b7-9fc70ad16c41')/Items(13)",
          "uri": "https://ddnet2013.hosting.deloitte.com/sites/DeloitteDoesThat/_api/Web/Lists(guid'f98d7d8d-4002-4a17-a6b7-9fc70ad16c41')/Items(13)",
          "etag": "\"8\"",
          "type": "SP.Data.VideoListItem"
        },
        "Id": 13,
        "Title": "Sample Video",
        "Description": "Blending strategy, creativity, and technology? Deloitte Does That… through Deloitte Digital",
        "ThumbnailUrl": {
          "__metadata": {
            "type": "SP.FieldUrlValue"
          },
          "Description": "https://ddnet2013.hosting.deloitte.com/sites/DeloitteDoesThat/Style%20Library/DDT%20Phase%202/images/Advisory%20-%20Forensic%20-%20Investigations%20-%20Don%20Fancher.jpg",
          "Url": "https://ddnet2013.hosting.deloitte.com/sites/DeloitteDoesThat/Style%20Library/DDT%20Phase%202/images/Advisory%20-%20Forensic%20-%20Investigations%20-%20Don%20Fancher.jpg"
        },
        "DMPUrl": {
          "__metadata": {
            "type": "SP.FieldUrlValue"
          },
          "Description": "https://dmp.deloittenet.deloitte.com/viewerportal/deloittenet/embed.vp?programId=esc_program%3A62879&contentAssocId=association%3A124",
          "Url": "https://dmp.deloittenet.deloitte.com/viewerportal/deloittenet/embed.vp?programId=esc_program%3A62879&contentAssocId=association%3A124"
        },
        "NumOfViews": null,
        "Keywords": "Finance,Audits,Advisory",
        "IsSubcategoryFeatured": false,
        "IsVideoGalleryFeatured": false,
        "ID": 13
      }
    ]
  }
}