{
    "d": {
        "results": [
            {
                "__metadata": {
                    "id": "Web/Lists(guid'ff3a09dc-374d-4f82-8c90-d132c17607d7')/Items(16)",
                    "uri": "https://ddnet2013.hosting.deloitte.com/sites/DeloitteDoesThat/_api/Web/Lists(guid'ff3a09dc-374d-4f82-8c90-d132c17607d7')/Items(16)",
                    "etag": "\"7\"",
                    "type": "SP.Data.VideoListItem"
                },
                "SubCategory": {
                    "__deferred": {
                        "uri": "https://ddnet2013.hosting.deloitte.com/sites/DeloitteDoesThat/_api/Web/Lists(guid'ff3a09dc-374d-4f82-8c90-d132c17607d7')/Items(16)/SubCategory"
                    }
                },
                "Solution": {
                    "__metadata": {
                        "id": "48b28fb3-a670-41fe-807c-ea2b1b951bbc",
                        "type": "SP.Data.SolutionListItem"
                    },
                    "Title": "Shape Strategy"
                },
                "Id": 16,
                "Title": "Share Strategy",
                "Description": "Share Strategy",
                "ThumbnailUrl": {
                    "__metadata": {
                        "type": "SP.FieldUrlValue"
                    },
                    "Description": "https://ddnet2013.hosting.deloitte.com/sites/DeloitteDoesThat/Style%20Library/DDT%20Phase%202/images/Advisory%20-%20Forensic%20-%20Investigations%20-%20Don%20Fancher.jpg",
                    "Url": "https://ddnet2013.hosting.deloitte.com/sites/DeloitteDoesThat/Style%20Library/DDT%20Phase%202/images/Advisory%20-%20Forensic%20-%20Investigations%20-%20Don%20Fancher.jpg"
                },
                "DMPUrl": {
                    "__metadata": {
                        "type": "SP.FieldUrlValue"
                    },
                    "Description": "https://dmp.deloittenet.deloitte.com/viewerportal/deloittenet/embed.vp?programId=esc_program%3A62859&contentAssocId=association%3A124114",
                    "Url": "https://dmp.deloittenet.deloitte.com/viewerportal/deloittenet/embed.vp?programId=esc_program%3A62859&contentAssocId=association%3A124114"
                },
                "IsSubcategoryFeatured": false,
                "ID": 16
            }
        ]
    }
}