[
    {"content_type" : "image", "title" : "Image 00", "data" : "temp-photo.jpg"},
    {"content_type" : "video", "title" : "Video 00", "data" : "http://player.vimeo.com/video/37176398"},
    {"content_type" : "notes", "title" : "Notes 00", "data" : "Lorem ipsum dolor sit amet, consectetur adipiscing elit. Nunc pulvinar pretium felis. Vivamus nibh felis, condimentum sit amet laoreet luctus, posuere auctor lorem. Nullam malesuada."},
    {"content_type" : "image", "title" : "Image 01", "data" : "temp-photo.jpg"},
    {"content_type" : "video", "title" : "Video 01", "data" : "http://player.vimeo.com/video/37176398"},
    {"content_type" : "notes", "title" : "Notes 01", "data" : "Lorem ipsum dolor sit amet, consectetur adipiscing elit. Nunc pulvinar pretium felis. Vivamus nibh felis, condimentum sit amet laoreet luctus, posuere auctor lorem. Nullam malesuada."},
    {"content_type" : "image", "title" : "Image 02", "data" : "temp-photo.jpg"},
    {"content_type" : "video", "title" : "Video 02", "data" : "http://player.vimeo.com/video/37176398"},
    {"content_type" : "notes", "title" : "Notes 02", "data" : "Lorem ipsum dolor sit amet, consectetur adipiscing elit. Nunc pulvinar pretium felis. Vivamus nibh felis, condimentum sit amet laoreet luctus, posuere auctor lorem. Nullam malesuada."},
    {"content_type" : "image", "title" : "Image 03", "data" : "temp-photo.jpg"},
    {"content_type" : "video", "title" : "Video 03", "data" : "http://player.vimeo.com/video/37176398"},
    {"content_type" : "notes", "title" : "Notes 03", "data" : "Lorem ipsum dolor sit amet, consectetur adipiscing elit. Nunc pulvinar pretium felis. Vivamus nibh felis, condimentum sit amet laoreet luctus, posuere auctor lorem. Nullam malesuada."}
]