[{
    "name": "Danish Gahlout",
    "character": "S/W Developer / Techknow Heights"
},
{
    "name": "Puneet vashisht",
    "character": "Senior S/W Developer / Techknow Heights"
},
{
    "name": "Amit Srivastava",
    "character": "Senior S/W Developer / Techknow Heights"
},
{
    "name": "Robert Downey",
    "character": "Tony Stark / Techknow Heights"
},
{
    "name": "Chris Evan",
    "character": "Steve Rogers / Techknow Heights"
},
{
    "name": "Mark Ruffalo",
    "character": "Bruce Banner / Techknow Heights"
},
{
    "name": "Scarlett Johanson",
    "character": "Natasha Romanof / Techknow Heights"
},
{
    "name": "Tom ",
    "character": "Loki"
},
{
    "name": "Chris",
    "character": "Thor"
}
]