{
  "d": {
    "results": [
      {
        "__metadata": {
          "id": "Web/Lists(guid'2248a0c2-80eb-4d99-946b-891d49a9a438')/Items(12)",
          "uri": "https://ddnet2013.hosting.deloitte.com/sites/DeloitteDoesThat/_api/Web/Lists(guid'2248a0c2-80eb-4d99-946b-891d49a9a438')/Items(12)",
          "etag": "\"2\"",
          "type": "SP.Data.ContactsListItem"
        },
        "SubCategory": {
          "__metadata": {
            "id": "f0fc89ce-734c-4e7c-a30b-c1e85b3d5883",
            "type": "SP.Data.Sub_x0020_CategoryListItem"
          },
          "Title": "DDT Accounting & Reporting Transformation"
        },
        "PreferedFirstName": "Waelter",
        "LastName": "Anthony",
        "Description": "A&RT Market Offering Leader",
        "UserAlias": "awaelter",
        "Email": "awaelter@deloitte.com"
      },
      {
        "__metadata": {
          "id": "Web/Lists(guid'2248a0c2-80eb-4d99-946b-891d49a9a438')/Items(13)",
          "uri": "https://ddnet2013.hosting.deloitte.com/sites/DeloitteDoesThat/_api/Web/Lists(guid'2248a0c2-80eb-4d99-946b-891d49a9a438')/Items(13)",
          "etag": "\"2\"",
          "type": "SP.Data.ContactsListItem"
        },
        "SubCategory": {
          "__metadata": {
            "id": "8395dcba-0020-4e6c-a80e-2f7988e4d57b",
            "type": "SP.Data.Sub_x0020_CategoryListItem"
          },
          "Title": "DDT Accounting & Reporting Transformation"
        },
        "PreferedFirstName": "Barnes",
        "LastName": "Jason",
        "Description": "Cost Transparency & Alignment Solution Leader",
        "UserAlias": "jabarnes",
        "Email": "jabarnes@deloitte.com"
      },
      {
        "__metadata": {
          "id": "Web/Lists(guid'2248a0c2-80eb-4d99-946b-891d49a9a438')/Items(14)",
          "uri": "https://ddnet2013.hosting.deloitte.com/sites/DeloitteDoesThat/_api/Web/Lists(guid'2248a0c2-80eb-4d99-946b-891d49a9a438')/Items(14)",
          "etag": "\"2\"",
          "type": "SP.Data.ContactsListItem"
        },
        "SubCategory": {
          "__metadata": {
            "id": "227c201a-6335-4c98-a245-fd28e3b91619",
            "type": "SP.Data.Sub_x0020_CategoryListItem"
          },
          "Title": "DDT Accounting & Reporting Transformation"
        },
        "PreferedFirstName": "D’Aloia",
        "LastName": "Paul",
        "Description": "Integration/ Divestiture/ Readiness Services Solution Leader",
        "UserAlias": "pdaloia",
        "Email": "pdaloia@deloitte.com"
      },
      {
        "__metadata": {
          "id": "Web/Lists(guid'2248a0c2-80eb-4d99-946b-891d49a9a438')/Items(15)",
          "uri": "https://ddnet2013.hosting.deloitte.com/sites/DeloitteDoesThat/_api/Web/Lists(guid'2248a0c2-80eb-4d99-946b-891d49a9a438')/Items(15)",
          "etag": "\"2\"",
          "type": "SP.Data.ContactsListItem"
        },
        "SubCategory": {
          "__metadata": {
            "id": "afd6bcdd-487e-4b1a-9451-c06ab8e8935b",
            "type": "SP.Data.Sub_x0020_CategoryListItem"
          },
          "Title": "DDT Accounting & Reporting Transformation"
        },
        "PreferedFirstName": "Kaplan",
        "LastName": "Beth",
        "Description": "Center for Controllership Leader",
        "UserAlias": "bkaplan",
        "Email": "bkaplan@deloitte.com"
      },
      {
        "__metadata": {
          "id": "Web/Lists(guid'2248a0c2-80eb-4d99-946b-891d49a9a438')/Items(16)",
          "uri": "https://ddnet2013.hosting.deloitte.com/sites/DeloitteDoesThat/_api/Web/Lists(guid'2248a0c2-80eb-4d99-946b-891d49a9a438')/Items(16)",
          "etag": "\"2\"",
          "type": "SP.Data.ContactsListItem"
        },
        "SubCategory": {
          "__metadata": {
            "id": "c588f6b3-151e-4b70-8b01-028da65be4a3",
            "type": "SP.Data.Sub_x0020_CategoryListItem"
          },
          "Title": "DDT Accounting & Reporting Transformation"
        },
        "PreferedFirstName": "Rohrig",
        "LastName": "Michael",
        "Description": "Financial Transactions Leader",
        "UserAlias": "mrohrig",
        "Email": "mrohrig@deloitte.com"
      },
      {
        "__metadata": {
          "id": "Web/Lists(guid'2248a0c2-80eb-4d99-946b-891d49a9a438')/Items(17)",
          "uri": "https://ddnet2013.hosting.deloitte.com/sites/DeloitteDoesThat/_api/Web/Lists(guid'2248a0c2-80eb-4d99-946b-891d49a9a438')/Items(17)",
          "etag": "\"2\"",
          "type": "SP.Data.ContactsListItem"
        },
        "SubCategory": {
          "__metadata": {
            "id": "b42d6cce-d5ec-45a9-86c5-74bf8845001a",
            "type": "SP.Data.Sub_x0020_CategoryListItem"
          },
          "Title": "DDT Accounting & Reporting Transformation"
        },
        "PreferedFirstName": "Vakili",
        "LastName": "Mo",
        "Description": "Accounting & Reporting Advisory and Financial Integrity Solution Leader",
        "UserAlias": "mvakili",
        "Email": "mvakili@deloitte.com"
      }
    ]
  }
}