{
    "d": {
        "GetContextWebInformation": {
            "__metadata": {
                "type": "SP.ContextWebInformation"
            },
            "FormDigestTimeoutSeconds": 1800,
            "FormDigestValue": "0xA2DA5D9832E0FAE4B700F7EFE5D4D9760C16D1523050BCD81C054DB02E39456C942278FD3CDD70518AE052090BFF78AD4D5635F2E24DEDA5631E5E5A4FE4A6DD,14 Mar 2017 15:22:38 -0000",
            "LibraryVersion": "15.0.4737.1000",
            "SiteFullUrl": "https://ddnet2013.hosting.deloitte.com/sites/DeloitteDoesThat",
            "SupportedSchemaVersions": {
                "__metadata": {
                    "type": "Collection(Edm.String)"
                },
                "results": [
                    "14.0.0.0",
                    "15.0.0.0"
                ]
            },
            "WebFullUrl": "https://ddnet2013.hosting.deloitte.com/sites/DeloitteDoesThat"
        }
    }
}