{
  "d": {
    "results": [
      {
        "__metadata": {
          "id": "Web/Lists(guid'767817d8-c7d9-40e7-9860-0da6d2ec428a')/Items(3)",
          "uri": "https://ddnet2013.hosting.deloitte.com/sites/DeloitteDoesThat/_api/Web/Lists(guid'767817d8-c7d9-40e7-9860-0da6d2ec428a')/Items(3)",
          "etag": "\"196\"",
          "type": "SP.Data.PagesItem"
        },
        "Id": 3,
        "Title": "DDT Deloitte Digital",
        "QueryWords": "Deloitte Digital\nDigital Business & Strategy\nCommerce & Content\nDigital Experience\nDigital Customer\nAdvertising & Marketing\nCreative Digital Consultancy\nDigital Transformation\nHeat\nIoT",
        "ID": 3,
        "FileRef": "/sites/DeloitteDoesThat/Pages/Deloitte_Digital.aspx"
      },
      {
        "__metadata": {
          "id": "Web/Lists(guid'767817d8-c7d9-40e7-9860-0da6d2ec428a')/Items(5)",
          "uri": "https://ddnet2013.hosting.deloitte.com/sites/DeloitteDoesThat/_api/Web/Lists(guid'767817d8-c7d9-40e7-9860-0da6d2ec428a')/Items(5)",
          "etag": "\"168\"",
          "type": "SP.Data.PagesItem"
        },
        "Id": 5,
        "Title": "DDT Regulatory & Compliance",
        "QueryWords": "Anti-Money Laundering\nRegulatory\nCompliance Programs\nRemediation\nIndependent Consultant\nInvestigations\nManaged services\nPredict\nPreserve\nRespond\nCIS",
        "ID": 5,
        "FileRef": "/sites/DeloitteDoesThat/Pages/Regulatory_Compliance.aspx"
      },
      {
        "__metadata": {
          "id": "Web/Lists(guid'767817d8-c7d9-40e7-9860-0da6d2ec428a')/Items(6)",
          "uri": "https://ddnet2013.hosting.deloitte.com/sites/DeloitteDoesThat/_api/Web/Lists(guid'767817d8-c7d9-40e7-9860-0da6d2ec428a')/Items(6)",
          "etag": "\"165\"",
          "type": "SP.Data.PagesItem"
        },
        "Id": 6,
        "Title": "DDT Mergers & Acquisitions",
        "QueryWords": "Mergers & Acquisitions \nM&A Strategy\nCommercial Diligence\nOperational Diligence\nIntegration Strategy and Execution \nDivestiture Strategy and Execution \nFunctional Integration and Carve Outs \nM&A Capability Development\nPre Distressed Portfolio Optimization",
        "ID": 6,
        "FileRef": "/sites/DeloitteDoesThat/Pages/Mergers_Acquisitions.aspx"
      },
      {
        "__metadata": {
          "id": "Web/Lists(guid'767817d8-c7d9-40e7-9860-0da6d2ec428a')/Items(7)",
          "uri": "https://ddnet2013.hosting.deloitte.com/sites/DeloitteDoesThat/_api/Web/Lists(guid'767817d8-c7d9-40e7-9860-0da6d2ec428a')/Items(7)",
          "etag": "\"154\"",
          "type": "SP.Data.PagesItem"
        },
        "Id": 7,
        "Title": "DDT Accounting & Reporting Transformation",
        "QueryWords": "New accounting standards \nRevenue Recognition\nASC 606\nCECL\nIFRS 9\nIFRS 15\nIFRS 16\nInternal Controls\nFinancial Reporting\nAccounting Policy\nRegulatory reporting and changes\nIPO\nSpin-Off \nCarve out transactions\nPurchase Accounting and Integration\nCost alignment\nProfitability\nAudit Readiness",
        "ID": 7,
        "FileRef": "/sites/DeloitteDoesThat/Pages/Accounting_Reporting_Transformation.aspx"
      },
      {
        "__metadata": {
          "id": "Web/Lists(guid'767817d8-c7d9-40e7-9860-0da6d2ec428a')/Items(8)",
          "uri": "https://ddnet2013.hosting.deloitte.com/sites/DeloitteDoesThat/_api/Web/Lists(guid'767817d8-c7d9-40e7-9860-0da6d2ec428a')/Items(8)",
          "etag": "\"112\"",
          "type": "SP.Data.PagesItem"
        },
        "Id": 8,
        "Title": "DDT Cyber Risk",
        "QueryWords": "Cyber Risk\nCyber Strategy\nSecure\nVigilant\nResilient\nIdentity & Access Management\nEnterprise Application Integrity\nData Protection\nCyber War Gaming\nGovernance, Risk & Compliance",
        "ID": 8,
        "FileRef": "/sites/DeloitteDoesThat/Pages/Cyber_Risk.aspx"
      },
      {
        "__metadata": {
          "id": "Web/Lists(guid'767817d8-c7d9-40e7-9860-0da6d2ec428a')/Items(10)",
          "uri": "https://ddnet2013.hosting.deloitte.com/sites/DeloitteDoesThat/_api/Web/Lists(guid'767817d8-c7d9-40e7-9860-0da6d2ec428a')/Items(10)",
          "etag": "\"111\"",
          "type": "SP.Data.PagesItem"
        },
        "Id": 10,
        "Title": "DDT Valuation",
        "QueryWords": "Value\nValuation\nM&A \nTransaction\nModeling\nFinancial modeling\nCapital asset\nAudit support\nModel risk management\nFinancial impact",
        "ID": 10,
        "FileRef": "/sites/DeloitteDoesThat/Pages/Valuation.aspx"
      },
      {
        "__metadata": {
          "id": "Web/Lists(guid'767817d8-c7d9-40e7-9860-0da6d2ec428a')/Items(11)",
          "uri": "https://ddnet2013.hosting.deloitte.com/sites/DeloitteDoesThat/_api/Web/Lists(guid'767817d8-c7d9-40e7-9860-0da6d2ec428a')/Items(11)",
          "etag": "\"125\"",
          "type": "SP.Data.PagesItem"
        },
        "Id": 11,
        "Title": "DDT Forensic & Investigations",
        "QueryWords": "Forensics and Compliance \nDiscovery\nForensic Investigations\nLitigation & Dispute Consulting\nBusiness Intelligence\nFraud\nCorruption\nForeign Corrupt Practices Act\nFCPA\nExpert Witness\nThird Party Due Diligence\nSafety Recall",
        "ID": 11,
        "FileRef": "/sites/DeloitteDoesThat/Pages/Forensic_Investigations.aspx"
      },
      {
        "__metadata": {
          "id": "Web/Lists(guid'767817d8-c7d9-40e7-9860-0da6d2ec428a')/Items(12)",
          "uri": "https://ddnet2013.hosting.deloitte.com/sites/DeloitteDoesThat/_api/Web/Lists(guid'767817d8-c7d9-40e7-9860-0da6d2ec428a')/Items(12)",
          "etag": "\"154\"",
          "type": "SP.Data.PagesItem"
        },
        "Id": 12,
        "Title": "DDT Analytics & Information Management",
        "QueryWords": "AIM\nAnalytics\nInformation Management\nInsight Driven Organizations\nIDO\nShaping Strategy\nManaging Data\nDelivering Information \nOptimizing Insights\nBuilding Capabilities\nAmplifying Intelligence\nManaging Environments\nAnalytics & Information Management\nTest analytics\nMachine learning\nPredictive analytics\nData lake\nData injection\nBusiness intelligence\nData discovery\nData supply chain\nCognitive\nInternet of Things",
        "ID": 12,
        "FileRef": "/sites/DeloitteDoesThat/Pages/Analytics_Information_Management.aspx"
      },
      {
        "__metadata": {
          "id": "Web/Lists(guid'767817d8-c7d9-40e7-9860-0da6d2ec428a')/Items(13)",
          "uri": "https://ddnet2013.hosting.deloitte.com/sites/DeloitteDoesThat/_api/Web/Lists(guid'767817d8-c7d9-40e7-9860-0da6d2ec428a')/Items(13)",
          "etag": "\"117\"",
          "type": "SP.Data.PagesItem"
        },
        "Id": 13,
        "Title": "DDT Finance",
        "QueryWords": "Finance \nFinance Transformation\nFinance Strategies\nFinance Service Delivery Model\nFinance Operations Improvement\nFinancial Planning and Analysis\nFinance Business Partnering\nFinance M&A\nCFO Advanced Analytics & Managed Insights",
        "ID": 13,
        "FileRef": "/sites/DeloitteDoesThat/Pages/Finance.aspx"
      },
      {
        "__metadata": {
          "id": "Web/Lists(guid'767817d8-c7d9-40e7-9860-0da6d2ec428a')/Items(14)",
          "uri": "https://ddnet2013.hosting.deloitte.com/sites/DeloitteDoesThat/_api/Web/Lists(guid'767817d8-c7d9-40e7-9860-0da6d2ec428a')/Items(14)",
          "etag": "\"122\"",
          "type": "SP.Data.PagesItem"
        },
        "Id": 14,
        "Title": "DDT HR Transformation",
        "QueryWords": "Human Resources \nTransformation \nHR Operations\nHR Service Delivery\nHR Business Partners\nHRT\nCommunities of Expertise\nHigh Impact HR Model\nWorkforce Analytics\nWorkforce Management\nDigital HR\nHR Technology\nWorkday\nSAP / SuccessFactors\nOracle HCM Cloud",
        "ID": 14,
        "FileRef": "/sites/DeloitteDoesThat/Pages/HR_Transformation.aspx"
      },
      {
        "__metadata": {
          "id": "Web/Lists(guid'767817d8-c7d9-40e7-9860-0da6d2ec428a')/Items(15)",
          "uri": "https://ddnet2013.hosting.deloitte.com/sites/DeloitteDoesThat/_api/Web/Lists(guid'767817d8-c7d9-40e7-9860-0da6d2ec428a')/Items(15)",
          "etag": "\"115\"",
          "type": "SP.Data.PagesItem"
        },
        "Id": 15,
        "Title": "DDT Monitor Deloitte",
        "QueryWords": "Monitor\nCorporate and Business Unit Strategy\nCustomer and Marketing Strategy \nDigital Strategy\nInnovation \nPricing and Profitability Management",
        "ID": 15,
        "FileRef": "/sites/DeloitteDoesThat/Pages/Monitor_Deloitte.aspx"
      },
      {
        "__metadata": {
          "id": "Web/Lists(guid'767817d8-c7d9-40e7-9860-0da6d2ec428a')/Items(16)",
          "uri": "https://ddnet2013.hosting.deloitte.com/sites/DeloitteDoesThat/_api/Web/Lists(guid'767817d8-c7d9-40e7-9860-0da6d2ec428a')/Items(16)",
          "etag": "\"120\"",
          "type": "SP.Data.PagesItem"
        },
        "Id": 16,
        "Title": "DDT Technology Strategy & Architecture",
        "QueryWords": "IT Strategy\nIT Business Management\nCloud and Infrastructure\nIT Mergers and Acquisitions\nTechnology Strategy & Architecture\nTech-Enabled Innovation\nTSA\nTS&A\nIT Strategy & Transformation\nEnterprise Architecture\nAgile Advisory\nApplication Strategy, Selection and Rationalization\nCloud Strategy & Enablement\nCore Infrastructure Transformation\nSoftware Defined Network & Communications\nWorkplace Technologies & Collaboration\nOperating Model & Autonomics\nIT Governance, Operating  Models & Delivery Models\nITSM/ServiceNow\nProject Portfolio Management\nIT Cost Effectiveness\nIT Financial Management\nIT Transformation \nAgile Transformation \nReal Time Dev Ops\nDev Ops\nERP Selection\nIT Cost Reduction \nIT Operating Model \nIT Delivery Model",
        "ID": 16,
        "FileRef": "/sites/DeloitteDoesThat/Pages/Technology_Strategy_Architecture.aspx"
      },
      {
        "__metadata": {
          "id": "Web/Lists(guid'767817d8-c7d9-40e7-9860-0da6d2ec428a')/Items(17)",
          "uri": "https://ddnet2013.hosting.deloitte.com/sites/DeloitteDoesThat/_api/Web/Lists(guid'767817d8-c7d9-40e7-9860-0da6d2ec428a')/Items(17)",
          "etag": "\"112\"",
          "type": "SP.Data.PagesItem"
        },
        "Id": 17,
        "Title": "DDT Supply Chain & Manufacturing Operations",
        "QueryWords": "Supply Chain and Manufacturing Operations\n​Logistics & Distribution  \nManufacturing Strategy & Operations  \nProduct Development \nProduct Safety & Drug Development  \nSourcing and Procurement\nSupply Chain Planning \nSupply Chain Strategy\nSustainability \nIntegrated Business Planning \nIBP\nSales & Operations Planning\nS&OP\nInventory\nDemand Planning\nSupply Planning\nAdvanced Planning and Scheduling\nAPS\nAdvance Planning Systems\nSCMO",
        "ID": 17,
        "FileRef": "/sites/DeloitteDoesThat/Pages/Supply_Chain_Manufacturing_Operations.aspx"
      },
      {
        "__metadata": {
          "id": "Web/Lists(guid'767817d8-c7d9-40e7-9860-0da6d2ec428a')/Items(18)",
          "uri": "https://ddnet2013.hosting.deloitte.com/sites/DeloitteDoesThat/_api/Web/Lists(guid'767817d8-c7d9-40e7-9860-0da6d2ec428a')/Items(18)",
          "etag": "\"107\"",
          "type": "SP.Data.PagesItem"
        },
        "Id": 18,
        "Title": "DDT Business Model Optimization",
        "QueryWords": "Base Erosion and Profit Shifting (BEPS)\nBusiness Model Optimization\nBusiness Process Solutions\nInternational Tax\nM&A\nSupply Chain\nTax \nTax Transformation\nTransfer Pricing\nTransformation",
        "ID": 18,
        "FileRef": "/sites/DeloitteDoesThat/Pages/Business_Model_Optimization.aspx"
      },
      {
        "__metadata": {
          "id": "Web/Lists(guid'767817d8-c7d9-40e7-9860-0da6d2ec428a')/Items(19)",
          "uri": "https://ddnet2013.hosting.deloitte.com/sites/DeloitteDoesThat/_api/Web/Lists(guid'767817d8-c7d9-40e7-9860-0da6d2ec428a')/Items(19)",
          "etag": "\"110\"",
          "type": "SP.Data.PagesItem"
        },
        "Id": 19,
        "Title": "DDT Intellectual Property Planning",
        "QueryWords": "Business Model Optimization\nBusiness Process Solutions\nIntellectual Property \nInternational Tax\nIP \nIP Planning \nM&A\nSupply Chain\nTax \nTax Transformation\nTransfer Pricing\nTransformation",
        "ID": 19,
        "FileRef": "/sites/DeloitteDoesThat/Pages/Intellectual_Property_Planning.aspx"
      },
      {
        "__metadata": {
          "id": "Web/Lists(guid'767817d8-c7d9-40e7-9860-0da6d2ec428a')/Items(20)",
          "uri": "https://ddnet2013.hosting.deloitte.com/sites/DeloitteDoesThat/_api/Web/Lists(guid'767817d8-c7d9-40e7-9860-0da6d2ec428a')/Items(20)",
          "etag": "\"123\"",
          "type": "SP.Data.PagesItem"
        },
        "Id": 20,
        "Title": "DDT Global Financial Transactions & Information Reporting",
        "QueryWords": "Cross-border\nAutomatic Exchange of Information Regimes\nAEOI\nUS Foreign Tax Compliance Act \nFATCA\nIntergovernmental Agreements \nIGAs\nUK Crown Dependencies and Overseas Territories \nCDOT\nOECD Common Reporting Standard \nCRS\nCompliance\nForeign Financial Institutions\nUS Withholding Agents\nFinancial Transactions \nGlobal\nReporting\nTax\nTax Compliance\nGlobal Information Reporting \nGIR",
        "ID": 20,
        "FileRef": "/sites/DeloitteDoesThat/Pages/Global_Financial_Transactions_Information_Reporting.aspx"
      },
      {
        "__metadata": {
          "id": "Web/Lists(guid'767817d8-c7d9-40e7-9860-0da6d2ec428a')/Items(21)",
          "uri": "https://ddnet2013.hosting.deloitte.com/sites/DeloitteDoesThat/_api/Web/Lists(guid'767817d8-c7d9-40e7-9860-0da6d2ec428a')/Items(21)",
          "etag": "\"90\"",
          "type": "SP.Data.PagesItem"
        },
        "Id": 21,
        "Title": "DDT Cross-border Talent Mobility Strategy & Advisory",
        "QueryWords": "Compensation and Benefits\nGlobal\nGlobal Employer Services\nGlobal Mobility\nHuman Capital\nInternational Expansion\nMobility Consulting\nRewards\nTalent\nTax",
        "ID": 21,
        "FileRef": "/sites/DeloitteDoesThat/Pages/Cross-border_Talent_Mobility_Strategy_Advisory.aspx"
      },
      {
        "__metadata": {
          "id": "Web/Lists(guid'767817d8-c7d9-40e7-9860-0da6d2ec428a')/Items(22)",
          "uri": "https://ddnet2013.hosting.deloitte.com/sites/DeloitteDoesThat/_api/Web/Lists(guid'767817d8-c7d9-40e7-9860-0da6d2ec428a')/Items(22)",
          "etag": "\"114\"",
          "type": "SP.Data.PagesItem"
        },
        "Id": 22,
        "Title": "DDT Tax Technology Consulting & Implementation",
        "QueryWords": "Business Tax\nCorporate Tax \nIndirect Tax\nTax\nTax Analytics\nTax Management Consulting\nTax Technology\nTax Transformation",
        "ID": 22,
        "FileRef": "/sites/DeloitteDoesThat/Pages/Tax_Technology_Consulting_Implementation.aspx"
      },
      {
        "__metadata": {
          "id": "Web/Lists(guid'767817d8-c7d9-40e7-9860-0da6d2ec428a')/Items(23)",
          "uri": "https://ddnet2013.hosting.deloitte.com/sites/DeloitteDoesThat/_api/Web/Lists(guid'767817d8-c7d9-40e7-9860-0da6d2ec428a')/Items(23)",
          "etag": "\"105\"",
          "type": "SP.Data.PagesItem"
        },
        "Id": 23,
        "Title": "DDT Merger & Acquisition Services (Cross-Business)",
        "QueryWords": "M&A \nMergers \nAcquisitions\nMACS\nMATS\nDivestitures\nDiligence\nIntegration\nPrivate Equity\nValuation",
        "ID": 23,
        "FileRef": "/sites/DeloitteDoesThat/Pages/Merger_Acquisition_Services.aspx"
      },
      {
        "__metadata": {
          "id": "Web/Lists(guid'767817d8-c7d9-40e7-9860-0da6d2ec428a')/Items(26)",
          "uri": "https://ddnet2013.hosting.deloitte.com/sites/DeloitteDoesThat/_api/Web/Lists(guid'767817d8-c7d9-40e7-9860-0da6d2ec428a')/Items(26)",
          "etag": "\"61\"",
          "type": "SP.Data.PagesItem"
        },
        "Id": 26,
        "Title": "DDT Service Delivery Transformation",
        "QueryWords": "Service Delivery \nService Delivery Transformation\nSDT\nGlobal Business Services\nGBS\nShared Services\nOutsourcing\nOutsourcing Advisory\nVendor Management\nTalent and Organization\nLocation Strategy \nCompliance and Risk Management\nTechnology \nContact Center\nProgram Management\nChange Management\nReal Estate and Facilities Management Transformation\nRobotics\nAutomation\nCognitive Automation",
        "ID": 26,
        "FileRef": "/sites/DeloitteDoesThat/Pages/Service_Delivery_Transformation.aspx"
      },
      {
        "__metadata": {
          "id": "Web/Lists(guid'767817d8-c7d9-40e7-9860-0da6d2ec428a')/Items(27)",
          "uri": "https://ddnet2013.hosting.deloitte.com/sites/DeloitteDoesThat/_api/Web/Lists(guid'767817d8-c7d9-40e7-9860-0da6d2ec428a')/Items(27)",
          "etag": "\"64\"",
          "type": "SP.Data.PagesItem"
        },
        "Id": 27,
        "Title": "DDT Financial Statement Audits",
        "QueryWords": "Audit\nAudit quality\nArtificial intelligence\nInternal controls\nRisk assessment\nInnovative audit tools and technology\nPCAOB\nAICPA\nGAAP\nSEC",
        "ID": 27,
        "FileRef": "/sites/DeloitteDoesThat/Pages/Financial_Statement_Audits.aspx"
      },
      {
        "__metadata": {
          "id": "Web/Lists(guid'767817d8-c7d9-40e7-9860-0da6d2ec428a')/Items(30)",
          "uri": "https://ddnet2013.hosting.deloitte.com/sites/DeloitteDoesThat/_api/Web/Lists(guid'767817d8-c7d9-40e7-9860-0da6d2ec428a')/Items(30)",
          "etag": "\"44\"",
          "type": "SP.Data.PagesItem"
        },
        "Id": 30,
        "Title": "DDT Internal Audit",
        "QueryWords": "Internal Audit\nCosourcing\nOutsourcing\nIT\nAnalytics\nRisk\nIA\nQARs\nStrategic Assessment\nIA Transformation",
        "ID": 30,
        "FileRef": "/sites/DeloitteDoesThat/Pages/Internal_Audit.aspx"
      },
      {
        "__metadata": {
          "id": "Web/Lists(guid'767817d8-c7d9-40e7-9860-0da6d2ec428a')/Items(31)",
          "uri": "https://ddnet2013.hosting.deloitte.com/sites/DeloitteDoesThat/_api/Web/Lists(guid'767817d8-c7d9-40e7-9860-0da6d2ec428a')/Items(31)",
          "etag": "\"75\"",
          "type": "SP.Data.PagesItem"
        },
        "Id": 31,
        "Title": "DDT Assurance",
        "QueryWords": "Assurance\nInternal control\nGITC\nAudit\nValuation \nThird-party risk\nExtended Enterprise Risk Management \nCyber Assurance\nData analysis\nAnalytics",
        "ID": 31,
        "FileRef": "/sites/DeloitteDoesThat/Pages/Assurance.aspx"
      },
      {
        "__metadata": {
          "id": "Web/Lists(guid'767817d8-c7d9-40e7-9860-0da6d2ec428a')/Items(36)",
          "uri": "https://ddnet2013.hosting.deloitte.com/sites/DeloitteDoesThat/_api/Web/Lists(guid'767817d8-c7d9-40e7-9860-0da6d2ec428a')/Items(36)",
          "etag": "\"44\"",
          "type": "SP.Data.PagesItem"
        },
        "Id": 36,
        "Title": "DDT Service Operations",
        "QueryWords": "Service Operations\nBanking and Securities Operations\nAsset Management\nInsurance Operations\nEnterprise Health Systems Solutions\nProvider Revenue Cycle Transformation\nProvider Clinical & Operational Excellence\nHealth Plan Operations\nRetail Merchandising\nRetail Operations\nState and Local Government Operations\nHeart of the business",
        "ID": 36,
        "FileRef": "/sites/DeloitteDoesThat/Pages/Service_Operations.aspx"
      },
      {
        "__metadata": {
          "id": "Web/Lists(guid'767817d8-c7d9-40e7-9860-0da6d2ec428a')/Items(37)",
          "uri": "https://ddnet2013.hosting.deloitte.com/sites/DeloitteDoesThat/_api/Web/Lists(guid'767817d8-c7d9-40e7-9860-0da6d2ec428a')/Items(37)",
          "etag": "\"55\"",
          "type": "SP.Data.PagesItem"
        },
        "Id": 37,
        "Title": "DDT Actuarial, Rewards & Analytics",
        "QueryWords": "ARA \nActuarial \nRewards\nInsurance\nCompensation\nBenefits\nRetirement \nPension\nHealth Actuarial\nEmployer Health\nHealth Plans\nP&C\n",
        "ID": 37,
        "FileRef": "/sites/DeloitteDoesThat/Pages/Actuarial_Rewards_Analytics.aspx"
      },
      {
        "__metadata": {
          "id": "Web/Lists(guid'767817d8-c7d9-40e7-9860-0da6d2ec428a')/Items(38)",
          "uri": "https://ddnet2013.hosting.deloitte.com/sites/DeloitteDoesThat/_api/Web/Lists(guid'767817d8-c7d9-40e7-9860-0da6d2ec428a')/Items(38)",
          "etag": "\"49\"",
          "type": "SP.Data.PagesItem"
        },
        "Id": 38,
        "Title": "DDT Bersin",
        "QueryWords": "HR\nResearch \nBersinOne\nBersinEdge\nBersinWorks\nTalent \nLearning \nBenchmarking\nCulture\nLeadership \nEngagement\nRecruiting\n",
        "ID": 38,
        "FileRef": "/sites/DeloitteDoesThat/Pages/Bersin.aspx"
      },
      {
        "__metadata": {
          "id": "Web/Lists(guid'767817d8-c7d9-40e7-9860-0da6d2ec428a')/Items(39)",
          "uri": "https://ddnet2013.hosting.deloitte.com/sites/DeloitteDoesThat/_api/Web/Lists(guid'767817d8-c7d9-40e7-9860-0da6d2ec428a')/Items(39)",
          "etag": "\"50\"",
          "type": "SP.Data.PagesItem"
        },
        "Id": 39,
        "Title": "DDT Securitization",
        "QueryWords": "Securitisation\nTechnology\nFintech  \nABCP Suite\nABS Suite\nCascade Suite\nCompliance Suite\nSurveillance Suite\nSolvas\nMortgage-backed\nAsset backed securities and ABS\nStructured Product\nALLL\nCECL\nCollateralized Loan Obligation and CLO\nSyndicated Loan\nSoftware\nTDR\nMutual Fund Modernization\nAsset Backed Finance and ABF\n",
        "ID": 39,
        "FileRef": "/sites/DeloitteDoesThat/Pages/Securitization.aspx"
      },
      {
        "__metadata": {
          "id": "Web/Lists(guid'767817d8-c7d9-40e7-9860-0da6d2ec428a')/Items(42)",
          "uri": "https://ddnet2013.hosting.deloitte.com/sites/DeloitteDoesThat/_api/Web/Lists(guid'767817d8-c7d9-40e7-9860-0da6d2ec428a')/Items(42)",
          "etag": "\"34\"",
          "type": "SP.Data.PagesItem"
        },
        "Id": 42,
        "Title": "DDT Mergers, Acquisitions and Divestitures",
        "QueryWords": "M&A\nCorporate Strategy \nDivestiture\nDue Diligence\nExecution\nAcquisition\nMerger\n",
        "ID": 42,
        "FileRef": "/sites/DeloitteDoesThat/Pages/Mergers_Acquisitions_Divestitures.aspx"
      },
      {
        "__metadata": {
          "id": "Web/Lists(guid'767817d8-c7d9-40e7-9860-0da6d2ec428a')/Items(43)",
          "uri": "https://ddnet2013.hosting.deloitte.com/sites/DeloitteDoesThat/_api/Web/Lists(guid'767817d8-c7d9-40e7-9860-0da6d2ec428a')/Items(43)",
          "etag": "\"55\"",
          "type": "SP.Data.PagesItem"
        },
        "Id": 43,
        "Title": "DDT Strategic Risk",
        "QueryWords": "Risk \nCrisis Management\nBusiness continuity \nResilience \nWargaming\nReal-time response\nGrants\nRecovery\nBrand \nReputation ",
        "ID": 43,
        "FileRef": "/sites/DeloitteDoesThat/Pages/Strategic_Risk.aspx"
      },
      {
        "__metadata": {
          "id": "Web/Lists(guid'767817d8-c7d9-40e7-9860-0da6d2ec428a')/Items(44)",
          "uri": "https://ddnet2013.hosting.deloitte.com/sites/DeloitteDoesThat/_api/Web/Lists(guid'767817d8-c7d9-40e7-9860-0da6d2ec428a')/Items(44)",
          "etag": "\"50\"",
          "type": "SP.Data.PagesItem"
        },
        "Id": 44,
        "Title": "DDT Business Model Transformation",
        "QueryWords": "BMT\nGlobal Business Services\nCustomer\nShared Services\nOutsourcing\nLocation Strategy\nReal Estate\nFacilities \nCost \nGrowth \nOperating Model",
        "ID": 44,
        "FileRef": "/sites/DeloitteDoesThat/Pages/Business_Model_Transformation.aspx"
      },
      {
        "__metadata": {
          "id": "Web/Lists(guid'767817d8-c7d9-40e7-9860-0da6d2ec428a')/Items(45)",
          "uri": "https://ddnet2013.hosting.deloitte.com/sites/DeloitteDoesThat/_api/Web/Lists(guid'767817d8-c7d9-40e7-9860-0da6d2ec428a')/Items(45)",
          "etag": "\"40\"",
          "type": "SP.Data.PagesItem"
        },
        "Id": 45,
        "Title": "DDT Analytics",
        "QueryWords": "Business analytics\nBig Data\nData analytics\nBusiness intelligence\nInsights as a service\nData Science\nCognitive Technology\nCognitive Insights\nPredictive analytics\nAnalytics solutions\n",
        "ID": 45,
        "FileRef": "/sites/DeloitteDoesThat/Pages/Analytics.aspx"
      },
      {
        "__metadata": {
          "id": "Web/Lists(guid'767817d8-c7d9-40e7-9860-0da6d2ec428a')/Items(46)",
          "uri": "https://ddnet2013.hosting.deloitte.com/sites/DeloitteDoesThat/_api/Web/Lists(guid'767817d8-c7d9-40e7-9860-0da6d2ec428a')/Items(46)",
          "etag": "\"38\"",
          "type": "SP.Data.PagesItem"
        },
        "Id": 46,
        "Title": "DDT Application Management Services",
        "QueryWords": "ERP \nDigital\nAMS\nInformation Management\nSAP\nOracle \nSystems Integration\nEpic\nManaged Services\nApplication Management",
        "ID": 46,
        "FileRef": "/sites/DeloitteDoesThat/Pages/Application_Management_Services.aspx"
      },
      {
        "__metadata": {
          "id": "Web/Lists(guid'767817d8-c7d9-40e7-9860-0da6d2ec428a')/Items(47)",
          "uri": "https://ddnet2013.hosting.deloitte.com/sites/DeloitteDoesThat/_api/Web/Lists(guid'767817d8-c7d9-40e7-9860-0da6d2ec428a')/Items(47)",
          "etag": "\"25\"",
          "type": "SP.Data.PagesItem"
        },
        "Id": 47,
        "Title": "DDT Oracle Enterprise Solutions",
        "QueryWords": "ERP\nOracle\nFinance\n",
        "ID": 47,
        "FileRef": "/sites/DeloitteDoesThat/Pages/Oracle_Enterprise_Solutions.aspx"
      },
      {
        "__metadata": {
          "id": "Web/Lists(guid'767817d8-c7d9-40e7-9860-0da6d2ec428a')/Items(48)",
          "uri": "https://ddnet2013.hosting.deloitte.com/sites/DeloitteDoesThat/_api/Web/Lists(guid'767817d8-c7d9-40e7-9860-0da6d2ec428a')/Items(48)",
          "etag": "\"24\"",
          "type": "SP.Data.PagesItem"
        },
        "Id": 48,
        "Title": "DDT Organization Transformation & Talent",
        "QueryWords": "Human Capital\nOT&T\nTransformation \nStrategic change \nCommunications \nLearning\nTraining\nLeadership\nTalent \nOrg design",
        "ID": 48,
        "FileRef": "/sites/DeloitteDoesThat/Pages/Organization_Transformation_Talent.aspx"
      },
      {
        "__metadata": {
          "id": "Web/Lists(guid'767817d8-c7d9-40e7-9860-0da6d2ec428a')/Items(49)",
          "uri": "https://ddnet2013.hosting.deloitte.com/sites/DeloitteDoesThat/_api/Web/Lists(guid'767817d8-c7d9-40e7-9860-0da6d2ec428a')/Items(49)",
          "etag": "\"12\"",
          "type": "SP.Data.PagesItem"
        },
        "Id": 49,
        "Title": "DDT Corporate Restructuring",
        "QueryWords": "CRG\nCorporate Restructuring \nInsolvency \nChapter 11\nChapter 7\nBankruptcy \nRestructuring\nTurnaround \nInterim Management\nLender",
        "ID": 49,
        "FileRef": "/sites/DeloitteDoesThat/Pages/Corporate_Restructuring.aspx"
      },
      {
        "__metadata": {
          "id": "Web/Lists(guid'767817d8-c7d9-40e7-9860-0da6d2ec428a')/Items(50)",
          "uri": "https://ddnet2013.hosting.deloitte.com/sites/DeloitteDoesThat/_api/Web/Lists(guid'767817d8-c7d9-40e7-9860-0da6d2ec428a')/Items(50)",
          "etag": "\"38\"",
          "type": "SP.Data.PagesItem"
        },
        "Id": 50,
        "Title": "Home",
        "QueryWords": null,
        "ID": 50,
        "FileRef": "/sites/DeloitteDoesThat/Pages/default.aspx"
      },
      {
        "__metadata": {
          "id": "Web/Lists(guid'767817d8-c7d9-40e7-9860-0da6d2ec428a')/Items(51)",
          "uri": "https://ddnet2013.hosting.deloitte.com/sites/DeloitteDoesThat/_api/Web/Lists(guid'767817d8-c7d9-40e7-9860-0da6d2ec428a')/Items(51)",
          "etag": "\"38\"",
          "type": "SP.Data.PagesItem"
        },
        "Id": 51,
        "Title": "Shape Strategy",
        "QueryWords": null,
        "ID": 51,
        "FileRef": "/sites/DeloitteDoesThat/Pages/Shape_Strategy.aspx"
      },
      {
        "__metadata": {
          "id": "Web/Lists(guid'767817d8-c7d9-40e7-9860-0da6d2ec428a')/Items(52)",
          "uri": "https://ddnet2013.hosting.deloitte.com/sites/DeloitteDoesThat/_api/Web/Lists(guid'767817d8-c7d9-40e7-9860-0da6d2ec428a')/Items(52)",
          "etag": "\"5\"",
          "type": "SP.Data.PagesItem"
        },
        "Id": 52,
        "Title": "SubCategoryBlankPage",
        "QueryWords": null,
        "ID": 52,
        "FileRef": "/sites/DeloitteDoesThat/Pages/SubCategoryBlankPage.aspx"
      },
      {
        "__metadata": {
          "id": "Web/Lists(guid'767817d8-c7d9-40e7-9860-0da6d2ec428a')/Items(53)",
          "uri": "https://ddnet2013.hosting.deloitte.com/sites/DeloitteDoesThat/_api/Web/Lists(guid'767817d8-c7d9-40e7-9860-0da6d2ec428a')/Items(53)",
          "etag": "\"5\"",
          "type": "SP.Data.PagesItem"
        },
        "Id": 53,
        "Title": "Video_Gallery",
        "QueryWords": null,
        "ID": 53,
        "FileRef": "/sites/DeloitteDoesThat/Pages/Video_Gallery.aspx"
      },
      {
        "__metadata": {
          "id": "Web/Lists(guid'767817d8-c7d9-40e7-9860-0da6d2ec428a')/Items(54)",
          "uri": "https://ddnet2013.hosting.deloitte.com/sites/DeloitteDoesThat/_api/Web/Lists(guid'767817d8-c7d9-40e7-9860-0da6d2ec428a')/Items(54)",
          "etag": "\"11\"",
          "type": "SP.Data.PagesItem"
        },
        "Id": 54,
        "Title": "Video_Player",
        "QueryWords": null,
        "ID": 54,
        "FileRef": "/sites/DeloitteDoesThat/Pages/Video_Player.aspx"
      },
      {
        "__metadata": {
          "id": "Web/Lists(guid'767817d8-c7d9-40e7-9860-0da6d2ec428a')/Items(55)",
          "uri": "https://ddnet2013.hosting.deloitte.com/sites/DeloitteDoesThat/_api/Web/Lists(guid'767817d8-c7d9-40e7-9860-0da6d2ec428a')/Items(55)",
          "etag": "\"61\"",
          "type": "SP.Data.PagesItem"
        },
        "Id": 55,
        "Title": "Finance & Operations",
        "QueryWords": null,
        "ID": 55,
        "FileRef": "/sites/DeloitteDoesThat/Pages/Finance_Operations.aspx"
      },
      {
        "__metadata": {
          "id": "Web/Lists(guid'767817d8-c7d9-40e7-9860-0da6d2ec428a')/Items(56)",
          "uri": "https://ddnet2013.hosting.deloitte.com/sites/DeloitteDoesThat/_api/Web/Lists(guid'767817d8-c7d9-40e7-9860-0da6d2ec428a')/Items(56)",
          "etag": "\"8\"",
          "type": "SP.Data.PagesItem"
        },
        "Id": 56,
        "Title": "Finance Transformation",
        "QueryWords": null,
        "ID": 56,
        "FileRef": "/sites/DeloitteDoesThat/Pages/Finance_Transformation.aspx"
      },
      {
        "__metadata": {
          "id": "Web/Lists(guid'767817d8-c7d9-40e7-9860-0da6d2ec428a')/Items(57)",
          "uri": "https://ddnet2013.hosting.deloitte.com/sites/DeloitteDoesThat/_api/Web/Lists(guid'767817d8-c7d9-40e7-9860-0da6d2ec428a')/Items(57)",
          "etag": "\"5\"",
          "type": "SP.Data.PagesItem"
        },
        "Id": 57,
        "Title": "Systems Integration",
        "QueryWords": null,
        "ID": 57,
        "FileRef": "/sites/DeloitteDoesThat/Pages/Systems_Integration.aspx"
      }
    ]
  }
}