{
  "d": {
    "results": [
      {
        "__metadata": {
          "id": "Web/Lists(guid'f98d7d8d-4002-4a17-a6b7-9fc70ad16c41')/Items(6)",
          "uri": "https://ddnet2013.hosting.deloitte.com/sites/DeloitteDoesThat/_api/Web/Lists(guid'f98d7d8d-4002-4a17-a6b7-9fc70ad16c41')/Items(6)",
          "etag": "\"13\"",
          "type": "SP.Data.VideoListItem"
        },
        "SubCategory": {
          "__metadata": {
            "id": "e65fa3a9-4cd3-4e6f-b2d2-6b11498f6540",
            "type": "SP.Data.Sub_x0020_CategoryListItem"
          },
          "Title": "Supply Chain & Manufacturing Operations"
        },
        "Id": 6,
        "Title": "​Finance & Operations and Finance",
        "ThumbnailUrl": {
          "__metadata": {
            "type": "SP.FieldUrlValue"
          },
          "Description": "https://ddnet2013.hosting.deloitte.com/sites/DeloitteDoesThat/Style%20Library/DDT%20Phase%202/images/Advisory%20-%20Forensic%20-%20Investigations%20-%20Don%20Fancher.jpg",
          "Url": "https://ddnet2013.hosting.deloitte.com/sites/DeloitteDoesThat/Style%20Library/DDT%20Phase%202/images/Advisory%20-%20Forensic%20-%20Investigations%20-%20Don%20Fancher.jpg"
        },
        "ID": 6
      },
      {
        "__metadata": {
          "id": "Web/Lists(guid'f98d7d8d-4002-4a17-a6b7-9fc70ad16c41')/Items(13)",
          "uri": "https://ddnet2013.hosting.deloitte.com/sites/DeloitteDoesThat/_api/Web/Lists(guid'f98d7d8d-4002-4a17-a6b7-9fc70ad16c41')/Items(13)",
          "etag": "\"8\"",
          "type": "SP.Data.VideoListItem"
        },
        "SubCategory": {
          "__metadata": {
            "id": "f9bae41e-e37d-472d-b82d-13bc586ba0c1",
            "type": "SP.Data.Sub_x0020_CategoryListItem"
          },
          "Title": "Supply Chain & Manufacturing Operations"
        },
        "Id": 139,
        "Title": "Sample Video7",
        "ThumbnailUrl": {
          "__metadata": {
            "type": "SP.FieldUrlValue"
          },
          "Description": "https://ddnet2013.hosting.deloitte.com/sites/DeloitteDoesThat/Style%20Library/DDT%20Phase%202/images/Advisory%20-%20Forensic%20-%20Investigations%20-%20Don%20Fancher.jpg",
          "Url": "https://ddnet2013.hosting.deloitte.com/sites/DeloitteDoesThat/Style%20Library/DDT%20Phase%202/images/Advisory%20-%20Forensic%20-%20Investigations%20-%20Don%20Fancher.jpg"
        },
        "ID": 139
      },
      {
        "__metadata": {
          "id": "Web/Lists(guid'f98d7d8d-4002-4a17-a6b7-9fc70ad16c41')/Items(13)",
          "uri": "https://ddnet2013.hosting.deloitte.com/sites/DeloitteDoesThat/_api/Web/Lists(guid'f98d7d8d-4002-4a17-a6b7-9fc70ad16c41')/Items(13)",
          "etag": "\"8\"",
          "type": "SP.Data.VideoListItem"
        },
        "SubCategory": {
          "__metadata": {
            "id": "f9bae41e-e37d-472d-b82d-13bc586ba0c1",
            "type": "SP.Data.Sub_x0020_CategoryListItem"
          },
          "Title": "Supply Chain & Manufacturing Operations"
        },
        "Id": 3,
        "Title": "Sample Video8",
        "ThumbnailUrl": {
          "__metadata": {
            "type": "SP.FieldUrlValue"
          },
          "Description": "https://ddnet2013.hosting.deloitte.com/sites/DeloitteDoesThat/Style%20Library/DDT%20Phase%202/images/Advisory%20-%20Forensic%20-%20Investigations%20-%20Don%20Fancher.jpg",
          "Url": "https://ddnet2013.hosting.deloitte.com/sites/DeloitteDoesThat/Style%20Library/DDT%20Phase%202/images/Advisory%20-%20Forensic%20-%20Investigations%20-%20Don%20Fancher.jpg"
        },
        "ID": 3
      },
      {
        "__metadata": {
          "id": "Web/Lists(guid'f98d7d8d-4002-4a17-a6b7-9fc70ad16c41')/Items(13)",
          "uri": "https://ddnet2013.hosting.deloitte.com/sites/DeloitteDoesThat/_api/Web/Lists(guid'f98d7d8d-4002-4a17-a6b7-9fc70ad16c41')/Items(13)",
          "etag": "\"8\"",
          "type": "SP.Data.VideoListItem"
        },
        "SubCategory": {
          "__metadata": {
            "id": "f9bae41e-e37d-472d-b82d-13bc586ba0c1",
            "type": "SP.Data.Sub_x0020_CategoryListItem"
          },
          "Title": "Supply Chain & Manufacturing Operations"
        },
        "Id": 1,
        "Title": "Sample Video9",
        "ThumbnailUrl": {
          "__metadata": {
            "type": "SP.FieldUrlValue"
          },
          "Description": "https://ddnet2013.hosting.deloitte.com/sites/DeloitteDoesThat/Style%20Library/DDT%20Phase%202/images/Advisory%20-%20Forensic%20-%20Investigations%20-%20Don%20Fancher.jpg",
          "Url": "https://ddnet2013.hosting.deloitte.com/sites/DeloitteDoesThat/Style%20Library/DDT%20Phase%202/images/Advisory%20-%20Forensic%20-%20Investigations%20-%20Don%20Fancher.jpg"
        },
        "ID": 1
      }
    ]
  }
}