{
  "d": {
    "results": [
      {
        "__metadata": {
          "id": "Web/Lists(guid'f98d7d8d-4002-4a17-a6b7-9fc70ad16c41')/Items(1)",
          "uri": "https://ddnet2013.hosting.deloitte.com/sites/DeloitteDoesThat/_api/Web/Lists(guid'f98d7d8d-4002-4a17-a6b7-9fc70ad16c41')/Items(1)",
          "etag": "\"6\"",
          "type": "SP.Data.VideoListItem"
        },
        "SubCategory": {
          "__metadata": {
            "id": "9de71ca6-2d77-4b83-bba5-33f1a446095b",
            "type": "SP.Data.Sub_x0020_CategoryListItem"
          },
          "Title": "Finance & Operations"
        },
        "Id": 21,
        "Title": "Finance & Operations",
        "ThumbnailUrl": {
          "__metadata": {
            "type": "SP.FieldUrlValue"
          },
          "Description": "https://ddnet2013.hosting.deloitte.com/sites/DeloitteDoesThat/Style%20Library/DDT%20Phase%202/images/Advisory%20-%20Valuation%20-%20Justin%20Silber.jpg",
          "Url": "https://ddnet2013.hosting.deloitte.com/sites/DeloitteDoesThat/Style%20Library/DDT%20Phase%202/images/Advisory%20-%20Valuation%20-%20Justin%20Silber.jpg"
        },
        "ID": 21
      },
      {
        "__metadata": {
          "id": "Web/Lists(guid'f98d7d8d-4002-4a17-a6b7-9fc70ad16c41')/Items(6)",
          "uri": "https://ddnet2013.hosting.deloitte.com/sites/DeloitteDoesThat/_api/Web/Lists(guid'f98d7d8d-4002-4a17-a6b7-9fc70ad16c41')/Items(6)",
          "etag": "\"13\"",
          "type": "SP.Data.VideoListItem"
        },
        "SubCategory": {
          "__metadata": {
            "id": "919b1f65-58a4-4490-9ec9-223ccd9dc251",
            "type": "SP.Data.Sub_x0020_CategoryListItem"
          },
          "Title": "Supply Chain & Manufacturing Operations"
        },
        "Id": 63,
        "Title": "​Finance & Operations and Finance",
        "ThumbnailUrl": {
          "__metadata": {
            "type": "SP.FieldUrlValue"
          },
          "Description": "https://ddnet2013.hosting.deloitte.com/sites/DeloitteDoesThat/Style%20Library/DDT%20Phase%202/images/Advisory%20-%20Forensic%20-%20Investigations%20-%20Don%20Fancher.jpg",
          "Url": "https://ddnet2013.hosting.deloitte.com/sites/DeloitteDoesThat/Style%20Library/DDT%20Phase%202/images/Advisory%20-%20Forensic%20-%20Investigations%20-%20Don%20Fancher.jpg"
        },
        "ID": 63
      },
      {
        "__metadata": {
          "id": "Web/Lists(guid'f98d7d8d-4002-4a17-a6b7-9fc70ad16c41')/Items(9)",
          "uri": "https://ddnet2013.hosting.deloitte.com/sites/DeloitteDoesThat/_api/Web/Lists(guid'f98d7d8d-4002-4a17-a6b7-9fc70ad16c41')/Items(9)",
          "etag": "\"4\"",
          "type": "SP.Data.VideoListItem"
        },
        "SubCategory": {
          "__metadata": {
            "id": "7d3913be-9856-4e65-a4fa-d4d4f34e1feb",
            "type": "SP.Data.Sub_x0020_CategoryListItem"
          },
          "Title": "Cyber Risk"
        },
        "Id": 94,
        "Title": "Prachi Test Video",
        "ThumbnailUrl": {
          "__metadata": {
            "type": "SP.FieldUrlValue"
          },
          "Description": "https://ddnet2013.hosting.deloitte.com/sites/DeloitteDoesThat/Style%20Library/DDT%20Phase%202/images/Advisory%20-%20Accounting%20-%20Reporting%20Transformation%20-%20Anthony%20Waelter.jpg",
          "Url": "https://ddnet2013.hosting.deloitte.com/sites/DeloitteDoesThat/Style%20Library/DDT%20Phase%202/images/Advisory%20-%20Accounting%20-%20Reporting%20Transformation%20-%20Anthony%20Waelter.jpg"
        },
        "ID": 94
      },
      {
        "__metadata": {
          "id": "Web/Lists(guid'f98d7d8d-4002-4a17-a6b7-9fc70ad16c41')/Items(12)",
          "uri": "https://ddnet2013.hosting.deloitte.com/sites/DeloitteDoesThat/_api/Web/Lists(guid'f98d7d8d-4002-4a17-a6b7-9fc70ad16c41')/Items(12)",
          "etag": "\"5\"",
          "type": "SP.Data.VideoListItem"
        },
        "SubCategory": {
          "__metadata": {
            "id": "742e8f5a-7af5-48ae-9737-99f5ea50ff43",
            "type": "SP.Data.Sub_x0020_CategoryListItem"
          },
          "Title": "Finance & Operations"
        },
        "Id": 124,
        "Title": "Finance & Operations Consulting one",
        "ThumbnailUrl": {
          "__metadata": {
            "type": "SP.FieldUrlValue"
          },
          "Description": "https://ddnet2013.hosting.deloitte.com/sites/DeloitteDoesThat/Style%20Library/DDT%20Phase%202/images/Advisory%20-%20Forensic%20-%20Investigations%20-%20Don%20Fancher.jpg",
          "Url": "https://ddnet2013.hosting.deloitte.com/sites/DeloitteDoesThat/Style%20Library/DDT%20Phase%202/images/Advisory%20-%20Forensic%20-%20Investigations%20-%20Don%20Fancher.jpg"
        },
        "ID": 124
      }
    ]
  }
}