{
  "d": {
    "results": [
      {
        "__metadata": {
          "id": "Web/Lists(guid'3364d8df-b0c7-4c4f-8643-fa14ae8a6e32')/Items(43)",
          "uri": "https://ddnet2013.hosting.deloitte.com/sites/DeloitteDoesThat/_api/Web/Lists(guid'3364d8df-b0c7-4c4f-8643-fa14ae8a6e32')/Items(43)",
          "etag": "\"3\"",
          "type": "SP.Data.SolutionListItem"
        },
        "Sub_x0020_Category": {
          "__metadata": {
            "id": "ff7ed37c-3fb9-404c-9622-0e121c132da6",
            "type": "SP.Data.Sub_x0020_CategoryListItem"
          },
          "Title": "Analytics + Information Management"
        },
        "Id": 43,
        "Title": "Shape Strategy",
        "PageUrl": "https://ddnet2013.hosting.deloitte.com/sites/DeloitteDoesThat/Pages/Shape_Strategy.aspx",
        "ID": 43
      },
      {
        "__metadata": {
          "id": "Web/Lists(guid'3364d8df-b0c7-4c4f-8643-fa14ae8a6e32')/Items(44)",
          "uri": "https://ddnet2013.hosting.deloitte.com/sites/DeloitteDoesThat/_api/Web/Lists(guid'3364d8df-b0c7-4c4f-8643-fa14ae8a6e32')/Items(44)",
          "etag": "\"2\"",
          "type": "SP.Data.SolutionListItem"
        },
        "Sub_x0020_Category": {
          "__metadata": {
            "id": "baa74d8d-0333-47f3-ae73-848c83d122d4",
            "type": "SP.Data.Sub_x0020_CategoryListItem"
          },
          "Title": "Analytics + Information Management"
        },
        "Id": 44,
        "Title": "Manage Data",
        "PageUrl": null,
        "ID": 44
      },
      {
        "__metadata": {
          "id": "Web/Lists(guid'3364d8df-b0c7-4c4f-8643-fa14ae8a6e32')/Items(45)",
          "uri": "https://ddnet2013.hosting.deloitte.com/sites/DeloitteDoesThat/_api/Web/Lists(guid'3364d8df-b0c7-4c4f-8643-fa14ae8a6e32')/Items(45)",
          "etag": "\"2\"",
          "type": "SP.Data.SolutionListItem"
        },
        "Sub_x0020_Category": {
          "__metadata": {
            "id": "a3f99182-5c91-4c77-aec6-29e0c1953d8b",
            "type": "SP.Data.Sub_x0020_CategoryListItem"
          },
          "Title": "Analytics + Information Management"
        },
        "Id": 45,
        "Title": "Deliver Information",
        "PageUrl": null,
        "ID": 45
      },
      {
        "__metadata": {
          "id": "Web/Lists(guid'3364d8df-b0c7-4c4f-8643-fa14ae8a6e32')/Items(46)",
          "uri": "https://ddnet2013.hosting.deloitte.com/sites/DeloitteDoesThat/_api/Web/Lists(guid'3364d8df-b0c7-4c4f-8643-fa14ae8a6e32')/Items(46)",
          "etag": "\"2\"",
          "type": "SP.Data.SolutionListItem"
        },
        "Sub_x0020_Category": {
          "__metadata": {
            "id": "45d2c2ae-0aa6-4586-9c6a-6a69882c2799",
            "type": "SP.Data.Sub_x0020_CategoryListItem"
          },
          "Title": "Analytics + Information Management"
        },
        "Id": 46,
        "Title": "Improve Performance",
        "PageUrl": null,
        "ID": 46
      },
      {
        "__metadata": {
          "id": "Web/Lists(guid'3364d8df-b0c7-4c4f-8643-fa14ae8a6e32')/Items(47)",
          "uri": "https://ddnet2013.hosting.deloitte.com/sites/DeloitteDoesThat/_api/Web/Lists(guid'3364d8df-b0c7-4c4f-8643-fa14ae8a6e32')/Items(47)",
          "etag": "\"2\"",
          "type": "SP.Data.SolutionListItem"
        },
        "Sub_x0020_Category": {
          "__metadata": {
            "id": "d2933eda-e8b8-475f-ba3d-ede2e7398989",
            "type": "SP.Data.Sub_x0020_CategoryListItem"
          },
          "Title": "Analytics + Information Management"
        },
        "Id": 47,
        "Title": "Optimize Insights",
        "PageUrl": null,
        "ID": 47
      },
      {
        "__metadata": {
          "id": "Web/Lists(guid'3364d8df-b0c7-4c4f-8643-fa14ae8a6e32')/Items(48)",
          "uri": "https://ddnet2013.hosting.deloitte.com/sites/DeloitteDoesThat/_api/Web/Lists(guid'3364d8df-b0c7-4c4f-8643-fa14ae8a6e32')/Items(48)",
          "etag": "\"2\"",
          "type": "SP.Data.SolutionListItem"
        },
        "Sub_x0020_Category": {
          "__metadata": {
            "id": "979815ae-0815-43a4-9781-9c1a3abe88a1",
            "type": "SP.Data.Sub_x0020_CategoryListItem"
          },
          "Title": "Analytics + Information Management"
        },
        "Id": 48,
        "Title": "Amplify Intelligence",
        "PageUrl": null,
        "ID": 48
      },
      {
        "__metadata": {
          "id": "Web/Lists(guid'3364d8df-b0c7-4c4f-8643-fa14ae8a6e32')/Items(49)",
          "uri": "https://ddnet2013.hosting.deloitte.com/sites/DeloitteDoesThat/_api/Web/Lists(guid'3364d8df-b0c7-4c4f-8643-fa14ae8a6e32')/Items(49)",
          "etag": "\"2\"",
          "type": "SP.Data.SolutionListItem"
        },
        "Sub_x0020_Category": {
          "__metadata": {
            "id": "16e10e9c-f1e9-4df6-8746-bf88af4e04e6",
            "type": "SP.Data.Sub_x0020_CategoryListItem"
          },
          "Title": "Analytics + Information Management"
        },
        "Id": 49,
        "Title": "Build Capabilities",
        "PageUrl": null,
        "ID": 49
      },
      {
        "__metadata": {
          "id": "Web/Lists(guid'3364d8df-b0c7-4c4f-8643-fa14ae8a6e32')/Items(50)",
          "uri": "https://ddnet2013.hosting.deloitte.com/sites/DeloitteDoesThat/_api/Web/Lists(guid'3364d8df-b0c7-4c4f-8643-fa14ae8a6e32')/Items(50)",
          "etag": "\"2\"",
          "type": "SP.Data.SolutionListItem"
        },
        "Sub_x0020_Category": {
          "__metadata": {
            "id": "2e602d12-5441-4d9c-9480-0c665de169f2",
            "type": "SP.Data.Sub_x0020_CategoryListItem"
          },
          "Title": "Analytics + Information Management"
        },
        "Id": 50,
        "Title": "Manage Environments",
        "PageUrl": null,
        "ID": 50
      }
    ]
  }
}