{
  "d": {
    "results": [
      {
        "__metadata": {
          "id": "Web/Lists(guid'3364d8df-b0c7-4c4f-8643-fa14ae8a6e32')/Items(1)",
          "uri": "https://ddnet2013.hosting.deloitte.com/sites/DeloitteDoesThat/_api/Web/Lists(guid'3364d8df-b0c7-4c4f-8643-fa14ae8a6e32')/Items(1)",
          "etag": "\"3\"",
          "type": "SP.Data.SolutionListItem"
        },
        "Id": 1,
        "Title": "Accounting and Reporting Advisory",
        "ID": 1
      },
      {
        "__metadata": {
          "id": "Web/Lists(guid'3364d8df-b0c7-4c4f-8643-fa14ae8a6e32')/Items(4)",
          "uri": "https://ddnet2013.hosting.deloitte.com/sites/DeloitteDoesThat/_api/Web/Lists(guid'3364d8df-b0c7-4c4f-8643-fa14ae8a6e32')/Items(4)",
          "etag": "\"4\"",
          "type": "SP.Data.SolutionListItem"
        },
        "Id": 4,
        "Title": "Integration, Divestitures and Readiness ",
        "ID": 4
      },
      {
        "__metadata": {
          "id": "Web/Lists(guid'3364d8df-b0c7-4c4f-8643-fa14ae8a6e32')/Items(6)",
          "uri": "https://ddnet2013.hosting.deloitte.com/sites/DeloitteDoesThat/_api/Web/Lists(guid'3364d8df-b0c7-4c4f-8643-fa14ae8a6e32')/Items(6)",
          "etag": "\"3\"",
          "type": "SP.Data.SolutionListItem"
        },
        "Id": 6,
        "Title": "Accounting Advisory",
        "ID": 6
      },
      {
        "__metadata": {
          "id": "Web/Lists(guid'3364d8df-b0c7-4c4f-8643-fa14ae8a6e32')/Items(9)",
          "uri": "https://ddnet2013.hosting.deloitte.com/sites/DeloitteDoesThat/_api/Web/Lists(guid'3364d8df-b0c7-4c4f-8643-fa14ae8a6e32')/Items(9)",
          "etag": "\"3\"",
          "type": "SP.Data.SolutionListItem"
        },
        "Id": 9,
        "Title": "Sell-Side Services",
        "ID": 9
      },
      {
        "__metadata": {
          "id": "Web/Lists(guid'3364d8df-b0c7-4c4f-8643-fa14ae8a6e32')/Items(12)",
          "uri": "https://ddnet2013.hosting.deloitte.com/sites/DeloitteDoesThat/_api/Web/Lists(guid'3364d8df-b0c7-4c4f-8643-fa14ae8a6e32')/Items(12)",
          "etag": "\"3\"",
          "type": "SP.Data.SolutionListItem"
        },
        "Id": 12,
        "Title": "Transaction Compliance Valuation",
        "ID": 12
      },
      {
        "__metadata": {
          "id": "Web/Lists(guid'3364d8df-b0c7-4c4f-8643-fa14ae8a6e32')/Items(13)",
          "uri": "https://ddnet2013.hosting.deloitte.com/sites/DeloitteDoesThat/_api/Web/Lists(guid'3364d8df-b0c7-4c4f-8643-fa14ae8a6e32')/Items(13)",
          "etag": "\"3\"",
          "type": "SP.Data.SolutionListItem"
        },
        "Id": 13,
        "Title": "Transaction and Modelling Advisory",
        "ID": 13
      },
      {
        "__metadata": {
          "id": "Web/Lists(guid'3364d8df-b0c7-4c4f-8643-fa14ae8a6e32')/Items(16)",
          "uri": "https://ddnet2013.hosting.deloitte.com/sites/DeloitteDoesThat/_api/Web/Lists(guid'3364d8df-b0c7-4c4f-8643-fa14ae8a6e32')/Items(16)",
          "etag": "\"3\"",
          "type": "SP.Data.SolutionListItem"
        },
        "Id": 16,
        "Title": "Forensic Investigations",
        "ID": 16
      },
      {
        "__metadata": {
          "id": "Web/Lists(guid'3364d8df-b0c7-4c4f-8643-fa14ae8a6e32')/Items(19)",
          "uri": "https://ddnet2013.hosting.deloitte.com/sites/DeloitteDoesThat/_api/Web/Lists(guid'3364d8df-b0c7-4c4f-8643-fa14ae8a6e32')/Items(19)",
          "etag": "\"3\"",
          "type": "SP.Data.SolutionListItem"
        },
        "Id": 19,
        "Title": "Business Intelligence ",
        "ID": 19
      },
      {
        "__metadata": {
          "id": "Web/Lists(guid'3364d8df-b0c7-4c4f-8643-fa14ae8a6e32')/Items(23)",
          "uri": "https://ddnet2013.hosting.deloitte.com/sites/DeloitteDoesThat/_api/Web/Lists(guid'3364d8df-b0c7-4c4f-8643-fa14ae8a6e32')/Items(23)",
          "etag": "\"3\"",
          "type": "SP.Data.SolutionListItem"
        },
        "Id": 23,
        "Title": "Internal Audit Analytics",
        "ID": 23
      },
      {
        "__metadata": {
          "id": "Web/Lists(guid'3364d8df-b0c7-4c4f-8643-fa14ae8a6e32')/Items(24)",
          "uri": "https://ddnet2013.hosting.deloitte.com/sites/DeloitteDoesThat/_api/Web/Lists(guid'3364d8df-b0c7-4c4f-8643-fa14ae8a6e32')/Items(24)",
          "etag": "\"3\"",
          "type": "SP.Data.SolutionListItem"
        },
        "Id": 24,
        "Title": "Strategy, Assessments, Innovation and Transformation",
        "ID": 24
      },
      {
        "__metadata": {
          "id": "Web/Lists(guid'3364d8df-b0c7-4c4f-8643-fa14ae8a6e32')/Items(27)",
          "uri": "https://ddnet2013.hosting.deloitte.com/sites/DeloitteDoesThat/_api/Web/Lists(guid'3364d8df-b0c7-4c4f-8643-fa14ae8a6e32')/Items(27)",
          "etag": "\"3\"",
          "type": "SP.Data.SolutionListItem"
        },
        "Id": 27,
        "Title": "Respond",
        "ID": 27
      },
      {
        "__metadata": {
          "id": "Web/Lists(guid'3364d8df-b0c7-4c4f-8643-fa14ae8a6e32')/Items(29)",
          "uri": "https://ddnet2013.hosting.deloitte.com/sites/DeloitteDoesThat/_api/Web/Lists(guid'3364d8df-b0c7-4c4f-8643-fa14ae8a6e32')/Items(29)",
          "etag": "\"3\"",
          "type": "SP.Data.SolutionListItem"
        },
        "Id": 29,
        "Title": "Third Party Assurance",
        "ID": 29
      },
      {
        "__metadata": {
          "id": "Web/Lists(guid'3364d8df-b0c7-4c4f-8643-fa14ae8a6e32')/Items(44)",
          "uri": "https://ddnet2013.hosting.deloitte.com/sites/DeloitteDoesThat/_api/Web/Lists(guid'3364d8df-b0c7-4c4f-8643-fa14ae8a6e32')/Items(44)",
          "etag": "\"3\"",
          "type": "SP.Data.SolutionListItem"
        },
        "Id": 44,
        "Title": "Manage Data",
        "ID": 44
      },
      {
        "__metadata": {
          "id": "Web/Lists(guid'3364d8df-b0c7-4c4f-8643-fa14ae8a6e32')/Items(46)",
          "uri": "https://ddnet2013.hosting.deloitte.com/sites/DeloitteDoesThat/_api/Web/Lists(guid'3364d8df-b0c7-4c4f-8643-fa14ae8a6e32')/Items(46)",
          "etag": "\"3\"",
          "type": "SP.Data.SolutionListItem"
        },
        "Id": 46,
        "Title": "Improve Performance",
        "ID": 46
      },
      {
        "__metadata": {
          "id": "Web/Lists(guid'3364d8df-b0c7-4c4f-8643-fa14ae8a6e32')/Items(47)",
          "uri": "https://ddnet2013.hosting.deloitte.com/sites/DeloitteDoesThat/_api/Web/Lists(guid'3364d8df-b0c7-4c4f-8643-fa14ae8a6e32')/Items(47)",
          "etag": "\"3\"",
          "type": "SP.Data.SolutionListItem"
        },
        "Id": 47,
        "Title": "Optimize Insights",
        "ID": 47
      },
      {
        "__metadata": {
          "id": "Web/Lists(guid'3364d8df-b0c7-4c4f-8643-fa14ae8a6e32')/Items(61)",
          "uri": "https://ddnet2013.hosting.deloitte.com/sites/DeloitteDoesThat/_api/Web/Lists(guid'3364d8df-b0c7-4c4f-8643-fa14ae8a6e32')/Items(61)",
          "etag": "\"3\"",
          "type": "SP.Data.SolutionListItem"
        },
        "Id": 61,
        "Title": "IT Business Management",
        "ID": 61
      },
      {
        "__metadata": {
          "id": "Web/Lists(guid'3364d8df-b0c7-4c4f-8643-fa14ae8a6e32')/Items(65)",
          "uri": "https://ddnet2013.hosting.deloitte.com/sites/DeloitteDoesThat/_api/Web/Lists(guid'3364d8df-b0c7-4c4f-8643-fa14ae8a6e32')/Items(65)",
          "etag": "\"3\"",
          "type": "SP.Data.SolutionListItem"
        },
        "Id": 65,
        "Title": "Rewards",
        "ID": 65
      },
      {
        "__metadata": {
          "id": "Web/Lists(guid'3364d8df-b0c7-4c4f-8643-fa14ae8a6e32')/Items(68)",
          "uri": "https://ddnet2013.hosting.deloitte.com/sites/DeloitteDoesThat/_api/Web/Lists(guid'3364d8df-b0c7-4c4f-8643-fa14ae8a6e32')/Items(68)",
          "etag": "\"3\"",
          "type": "SP.Data.SolutionListItem"
        },
        "Id": 68,
        "Title": "BersinOne™ Membership (Enterprise)",
        "ID": 68
      },
      {
        "__metadata": {
          "id": "Web/Lists(guid'3364d8df-b0c7-4c4f-8643-fa14ae8a6e32')/Items(71)",
          "uri": "https://ddnet2013.hosting.deloitte.com/sites/DeloitteDoesThat/_api/Web/Lists(guid'3364d8df-b0c7-4c4f-8643-fa14ae8a6e32')/Items(71)",
          "etag": "\"3\"",
          "type": "SP.Data.SolutionListItem"
        },
        "Id": 71,
        "Title": "HR Operational Excellence (Shared Services and Outsourcing",
        "ID": 71
      },
      {
        "__metadata": {
          "id": "Web/Lists(guid'3364d8df-b0c7-4c4f-8643-fa14ae8a6e32')/Items(74)",
          "uri": "https://ddnet2013.hosting.deloitte.com/sites/DeloitteDoesThat/_api/Web/Lists(guid'3364d8df-b0c7-4c4f-8643-fa14ae8a6e32')/Items(74)",
          "etag": "\"3\"",
          "type": "SP.Data.SolutionListItem"
        },
        "Id": 74,
        "Title": "Workforce Strategy and Insights",
        "ID": 74
      },
      {
        "__metadata": {
          "id": "Web/Lists(guid'3364d8df-b0c7-4c4f-8643-fa14ae8a6e32')/Items(77)",
          "uri": "https://ddnet2013.hosting.deloitte.com/sites/DeloitteDoesThat/_api/Web/Lists(guid'3364d8df-b0c7-4c4f-8643-fa14ae8a6e32')/Items(77)",
          "etag": "\"3\"",
          "type": "SP.Data.SolutionListItem"
        },
        "Id": 77,
        "Title": "Finance Service Delivery Model",
        "ID": 77
      },
      {
        "__metadata": {
          "id": "Web/Lists(guid'3364d8df-b0c7-4c4f-8643-fa14ae8a6e32')/Items(80)",
          "uri": "https://ddnet2013.hosting.deloitte.com/sites/DeloitteDoesThat/_api/Web/Lists(guid'3364d8df-b0c7-4c4f-8643-fa14ae8a6e32')/Items(80)",
          "etag": "\"3\"",
          "type": "SP.Data.SolutionListItem"
        },
        "Id": 80,
        "Title": "Finance Business Partnering",
        "ID": 80
      },
      {
        "__metadata": {
          "id": "Web/Lists(guid'3364d8df-b0c7-4c4f-8643-fa14ae8a6e32')/Items(84)",
          "uri": "https://ddnet2013.hosting.deloitte.com/sites/DeloitteDoesThat/_api/Web/Lists(guid'3364d8df-b0c7-4c4f-8643-fa14ae8a6e32')/Items(84)",
          "etag": "\"3\"",
          "type": "SP.Data.SolutionListItem"
        },
        "Id": 84,
        "Title": "Commercial Diligence",
        "ID": 84
      },
      {
        "__metadata": {
          "id": "Web/Lists(guid'3364d8df-b0c7-4c4f-8643-fa14ae8a6e32')/Items(88)",
          "uri": "https://ddnet2013.hosting.deloitte.com/sites/DeloitteDoesThat/_api/Web/Lists(guid'3364d8df-b0c7-4c4f-8643-fa14ae8a6e32')/Items(88)",
          "etag": "\"3\"",
          "type": "SP.Data.SolutionListItem"
        },
        "Id": 88,
        "Title": "Functional Integration and Carve Outs",
        "ID": 88
      },
      {
        "__metadata": {
          "id": "Web/Lists(guid'3364d8df-b0c7-4c4f-8643-fa14ae8a6e32')/Items(90)",
          "uri": "https://ddnet2013.hosting.deloitte.com/sites/DeloitteDoesThat/_api/Web/Lists(guid'3364d8df-b0c7-4c4f-8643-fa14ae8a6e32')/Items(90)",
          "etag": "\"3\"",
          "type": "SP.Data.SolutionListItem"
        },
        "Id": 90,
        "Title": "Pre-Distressed Portfolio Optimization",
        "ID": 90
      }
    ]
  }
}