{
    "d": {
        "results": [
            {
                "__metadata": {
                    "id": "Web/Lists(guid'06766700-c871-4a41-9417-6ffd447ec32f')/Items(41)",
                    "uri": "https://ddnet2013.hosting.deloitte.com/sites/DeloitteDoesThat/_api/Web/Lists(guid'06766700-c871-4a41-9417-6ffd447ec32f')/Items(41)",
                    "etag": "\"7\"",
                    "type": "SP.Data.Sub_x0020_CategoryListItem"
                },
                "Title": "Finance Transformation"
            }
        ]
    }
}