﻿{
  "d": {
    "results": [
      {
        "__metadata": {
          "id": "Web/Lists(guid'4b705218-b52e-468c-8682-9cb5282a0ad4')/Items(1)",
          "uri": "https://ddnet2013.hosting.deloitte.com/sites/DeloitteDoesThat/_api/Web/Lists(guid'4b705218-b52e-468c-8682-9cb5282a0ad4')/Items(1)",
          "etag": "\"9\"",
          "type": "SP.Data.Sub_x0020_CategoryListItem"
        },
        "Category": {
          "__metadata": {
            "id": "49f4d170-58f5-4b4b-b6cf-35666eb8dfcd",
            "type": "SP.Data.CategoryListItem"
          },
          "Title": "Financial Transactions"
        },
        "Business_x0020_Function": {
          "__metadata": {
            "id": "23e5236b-0c1d-423e-80fc-a6918f67acda",
            "type": "SP.Data.Business_x0020_FunctionListItem"
          },
          "Title": "Advisory"
        },
        "Title": "Accounting & Reporting Transformation",
        "PageUrl": "https://ddnet2013.hosting.deloitte.com/sites/DeloitteDoesThat/Pages/Accounting_Reporting_Transformation.aspx",
        "IsHomeEnabled": true
      },
      {
        "__metadata": {
          "id": "Web/Lists(guid'4b705218-b52e-468c-8682-9cb5282a0ad4')/Items(2)",
          "uri": "https://ddnet2013.hosting.deloitte.com/sites/DeloitteDoesThat/_api/Web/Lists(guid'4b705218-b52e-468c-8682-9cb5282a0ad4')/Items(2)",
          "etag": "\"7\"",
          "type": "SP.Data.Sub_x0020_CategoryListItem"
        },
        "Category": {
          "__metadata": {
            "id": "57c01328-da2c-479c-9df3-4850ba93f07c",
            "type": "SP.Data.CategoryListItem"
          },
          "Title": "Financial Transactions"
        },
        "Business_x0020_Function": {
          "__metadata": {
            "id": "5dd14d45-532c-432e-92cd-92529446df1d",
            "type": "SP.Data.Business_x0020_FunctionListItem"
          },
          "Title": "Advisory"
        },
        "Title": "Corporate Restructuring",
        "PageUrl": "https://ddnet2013.hosting.deloitte.com/sites/DeloitteDoesThat/Pages/Corporate_Restructuring.aspx",
        "IsHomeEnabled": true
      },
      {
        "__metadata": {
          "id": "Web/Lists(guid'4b705218-b52e-468c-8682-9cb5282a0ad4')/Items(3)",
          "uri": "https://ddnet2013.hosting.deloitte.com/sites/DeloitteDoesThat/_api/Web/Lists(guid'4b705218-b52e-468c-8682-9cb5282a0ad4')/Items(3)",
          "etag": "\"7\"",
          "type": "SP.Data.Sub_x0020_CategoryListItem"
        },
        "Category": {
          "__metadata": {
            "id": "908c8f6c-f978-466a-b3e8-cec5f5b91400",
            "type": "SP.Data.CategoryListItem"
          },
          "Title": "Financial Transactions"
        },
        "Business_x0020_Function": {
          "__metadata": {
            "id": "dc133a8a-0d8f-4e9b-8a17-5f1df0dc38b0",
            "type": "SP.Data.Business_x0020_FunctionListItem"
          },
          "Title": "Advisory"
        },
        "Title": "Mergers, Acquisitions & Divestitures",
        "PageUrl": "https://ddnet2013.hosting.deloitte.com/sites/DeloitteDoesThat/Pages/Mergers_Acquisitions_Divestitures.aspx",
        "IsHomeEnabled": true
      },
      {
        "__metadata": {
          "id": "Web/Lists(guid'4b705218-b52e-468c-8682-9cb5282a0ad4')/Items(4)",
          "uri": "https://ddnet2013.hosting.deloitte.com/sites/DeloitteDoesThat/_api/Web/Lists(guid'4b705218-b52e-468c-8682-9cb5282a0ad4')/Items(4)",
          "etag": "\"7\"",
          "type": "SP.Data.Sub_x0020_CategoryListItem"
        },
        "Category": {
          "__metadata": {
            "id": "e30455c9-8d4b-46fa-851f-3955281584e5",
            "type": "SP.Data.CategoryListItem"
          },
          "Title": "Financial Transactions"
        },
        "Business_x0020_Function": {
          "__metadata": {
            "id": "7ffefdc2-542a-49cc-b477-f81fb5d2c169",
            "type": "SP.Data.Business_x0020_FunctionListItem"
          },
          "Title": "Advisory"
        },
        "Title": "Securitization",
        "PageUrl": "https://ddnet2013.hosting.deloitte.com/sites/DeloitteDoesThat/Pages/Securitization.aspx",
        "IsHomeEnabled": true
      },
      {
        "__metadata": {
          "id": "Web/Lists(guid'4b705218-b52e-468c-8682-9cb5282a0ad4')/Items(5)",
          "uri": "https://ddnet2013.hosting.deloitte.com/sites/DeloitteDoesThat/_api/Web/Lists(guid'4b705218-b52e-468c-8682-9cb5282a0ad4')/Items(5)",
          "etag": "\"7\"",
          "type": "SP.Data.Sub_x0020_CategoryListItem"
        },
        "Category": {
          "__metadata": {
            "id": "065cc525-dd9b-4863-bd3b-53cb8f41d8bf",
            "type": "SP.Data.CategoryListItem"
          },
          "Title": "Financial Transactions"
        },
        "Business_x0020_Function": {
          "__metadata": {
            "id": "cf778248-8668-45c2-ac43-3a679c733742",
            "type": "SP.Data.Business_x0020_FunctionListItem"
          },
          "Title": "Advisory"
        },
        "Title": "Valuation",
        "PageUrl": "https://ddnet2013.hosting.deloitte.com/sites/DeloitteDoesThat/Pages/Valuation.aspx",
        "IsHomeEnabled": true
      },
      {
        "__metadata": {
          "id": "Web/Lists(guid'4b705218-b52e-468c-8682-9cb5282a0ad4')/Items(6)",
          "uri": "https://ddnet2013.hosting.deloitte.com/sites/DeloitteDoesThat/_api/Web/Lists(guid'4b705218-b52e-468c-8682-9cb5282a0ad4')/Items(6)",
          "etag": "\"5\"",
          "type": "SP.Data.Sub_x0020_CategoryListItem"
        },
        "Category": {
          "__metadata": {
            "id": "c8697e5d-3959-4d10-9d2f-2caddbe9af77",
            "type": "SP.Data.CategoryListItem"
          },
          "Title": "Regulatory, Forensics & Compliance"
        },
        "Business_x0020_Function": {
          "__metadata": {
            "id": "65f1354b-e889-4a45-8e52-2b435f452da1",
            "type": "SP.Data.Business_x0020_FunctionListItem"
          },
          "Title": "Advisory"
        },
        "Title": "Forensic & Investigations",
        "PageUrl": "https://ddnet2013.hosting.deloitte.com/sites/DeloitteDoesThat/Pages/Forensic_Investigations.aspx",
        "IsHomeEnabled": true
      },
      {
        "__metadata": {
          "id": "Web/Lists(guid'4b705218-b52e-468c-8682-9cb5282a0ad4')/Items(7)",
          "uri": "https://ddnet2013.hosting.deloitte.com/sites/DeloitteDoesThat/_api/Web/Lists(guid'4b705218-b52e-468c-8682-9cb5282a0ad4')/Items(7)",
          "etag": "\"6\"",
          "type": "SP.Data.Sub_x0020_CategoryListItem"
        },
        "Category": {
          "__metadata": {
            "id": "0ba5c4ba-594e-403c-b953-1839f4dcb4d1",
            "type": "SP.Data.CategoryListItem"
          },
          "Title": "Regulatory, Forensics & Compliance"
        },
        "Business_x0020_Function": {
          "__metadata": {
            "id": "82a5208f-80e1-486a-b03c-7a0e48b12d9d",
            "type": "SP.Data.Business_x0020_FunctionListItem"
          },
          "Title": "Advisory"
        },
        "Title": "Internal Audit",
        "PageUrl": "https://ddnet2013.hosting.deloitte.com/sites/DeloitteDoesThat/Pages/Internal_Audit.aspx",
        "IsHomeEnabled": true
      },
      {
        "__metadata": {
          "id": "Web/Lists(guid'4b705218-b52e-468c-8682-9cb5282a0ad4')/Items(8)",
          "uri": "https://ddnet2013.hosting.deloitte.com/sites/DeloitteDoesThat/_api/Web/Lists(guid'4b705218-b52e-468c-8682-9cb5282a0ad4')/Items(8)",
          "etag": "\"5\"",
          "type": "SP.Data.Sub_x0020_CategoryListItem"
        },
        "Category": {
          "__metadata": {
            "id": "3434291c-2283-4674-a430-6ea5e1ad1d4f",
            "type": "SP.Data.CategoryListItem"
          },
          "Title": "Regulatory, Forensics & Compliance"
        },
        "Business_x0020_Function": {
          "__metadata": {
            "id": "a0368907-0c47-413d-b82d-1999c33a6e7c",
            "type": "SP.Data.Business_x0020_FunctionListItem"
          },
          "Title": "Advisory"
        },
        "Title": "Regulatory & Compliance",
        "PageUrl": "https://ddnet2013.hosting.deloitte.com/sites/DeloitteDoesThat/Pages/Regulatory_Compliance.aspx",
        "IsHomeEnabled": true
      },
      {
        "__metadata": {
          "id": "Web/Lists(guid'4b705218-b52e-468c-8682-9cb5282a0ad4')/Items(9)",
          "uri": "https://ddnet2013.hosting.deloitte.com/sites/DeloitteDoesThat/_api/Web/Lists(guid'4b705218-b52e-468c-8682-9cb5282a0ad4')/Items(9)",
          "etag": "\"7\"",
          "type": "SP.Data.Sub_x0020_CategoryListItem"
        },
        "Category": {
          "__metadata": {
            "id": "6cc1ecf2-c6b0-42e1-bc64-c9930b27c972",
            "type": "SP.Data.CategoryListItem"
          },
          "Title": "Risk & Resilience"
        },
        "Business_x0020_Function": {
          "__metadata": {
            "id": "a6b2fbf5-c664-48a0-8e40-570697a0e431",
            "type": "SP.Data.Business_x0020_FunctionListItem"
          },
          "Title": "Advisory"
        },
        "Title": "Assurance",
        "PageUrl": "https://ddnet2013.hosting.deloitte.com/sites/DeloitteDoesThat/Pages/Assurance.aspx",
        "IsHomeEnabled": true
      },
      {
        "__metadata": {
          "id": "Web/Lists(guid'4b705218-b52e-468c-8682-9cb5282a0ad4')/Items(10)",
          "uri": "https://ddnet2013.hosting.deloitte.com/sites/DeloitteDoesThat/_api/Web/Lists(guid'4b705218-b52e-468c-8682-9cb5282a0ad4')/Items(10)",
          "etag": "\"5\"",
          "type": "SP.Data.Sub_x0020_CategoryListItem"
        },
        "Category": {
          "__metadata": {
            "id": "a6a8067c-53ca-49ab-8632-76362970e385",
            "type": "SP.Data.CategoryListItem"
          },
          "Title": "Risk & Resilience"
        },
        "Business_x0020_Function": {
          "__metadata": {
            "id": "99537aec-f50f-4f98-a8eb-84974e415229",
            "type": "SP.Data.Business_x0020_FunctionListItem"
          },
          "Title": "Advisory"
        },
        "Title": "Cyber Risk",
        "PageUrl": "https://ddnet2013.hosting.deloitte.com/sites/DeloitteDoesThat/Pages/Cyber_Risk.aspx",
        "IsHomeEnabled": true
      },
      {
        "__metadata": {
          "id": "Web/Lists(guid'4b705218-b52e-468c-8682-9cb5282a0ad4')/Items(11)",
          "uri": "https://ddnet2013.hosting.deloitte.com/sites/DeloitteDoesThat/_api/Web/Lists(guid'4b705218-b52e-468c-8682-9cb5282a0ad4')/Items(11)",
          "etag": "\"7\"",
          "type": "SP.Data.Sub_x0020_CategoryListItem"
        },
        "Category": {
          "__metadata": {
            "id": "fd108a25-7407-45ef-8ebf-2237b7ad7fff",
            "type": "SP.Data.CategoryListItem"
          },
          "Title": "Risk & Resilience"
        },
        "Business_x0020_Function": {
          "__metadata": {
            "id": "5078dd74-d5af-4cd0-abc9-cc8470b1ff8a",
            "type": "SP.Data.Business_x0020_FunctionListItem"
          },
          "Title": "Advisory"
        },
        "Title": "Finance & Operations",
        "PageUrl": "https://ddnet2013.hosting.deloitte.com/sites/DeloitteDoesThat/Pages/Finance_Operations.aspx",
        "IsHomeEnabled": true
      },
      {
        "__metadata": {
          "id": "Web/Lists(guid'4b705218-b52e-468c-8682-9cb5282a0ad4')/Items(12)",
          "uri": "https://ddnet2013.hosting.deloitte.com/sites/DeloitteDoesThat/_api/Web/Lists(guid'4b705218-b52e-468c-8682-9cb5282a0ad4')/Items(12)",
          "etag": "\"5\"",
          "type": "SP.Data.Sub_x0020_CategoryListItem"
        },
        "Category": {
          "__metadata": {
            "id": "092654c3-4f44-4b08-8ee6-f5917e2897e3",
            "type": "SP.Data.CategoryListItem"
          },
          "Title": "Risk & Resilience"
        },
        "Business_x0020_Function": {
          "__metadata": {
            "id": "859f8ea0-1963-49b8-b662-7ce025a436e1",
            "type": "SP.Data.Business_x0020_FunctionListItem"
          },
          "Title": "Advisory"
        },
        "Title": "Strategic Risk",
        "PageUrl": "https://ddnet2013.hosting.deloitte.com/sites/DeloitteDoesThat/Pages/Strategic_Risk.aspx",
        "IsHomeEnabled": true
      },
      {
        "__metadata": {
          "id": "Web/Lists(guid'4b705218-b52e-468c-8682-9cb5282a0ad4')/Items(13)",
          "uri": "https://ddnet2013.hosting.deloitte.com/sites/DeloitteDoesThat/_api/Web/Lists(guid'4b705218-b52e-468c-8682-9cb5282a0ad4')/Items(13)",
          "etag": "\"5\"",
          "type": "SP.Data.Sub_x0020_CategoryListItem"
        },
        "Category": {
          "__metadata": {
            "id": "6a741a3a-d750-42de-b6a7-bb39a4fd8503",
            "type": "SP.Data.CategoryListItem"
          },
          "Title": "Financial Statement Audits"
        },
        "Business_x0020_Function": {
          "__metadata": {
            "id": "ffd4fcda-164a-4ecd-835a-7a943e0bdf00",
            "type": "SP.Data.Business_x0020_FunctionListItem"
          },
          "Title": "Audit & Assurance"
        },
        "Title": "Financial Statement Audits",
        "PageUrl": "https://ddnet2013.hosting.deloitte.com/sites/DeloitteDoesThat/Pages/Financial_Statement_Audits.aspx",
        "IsHomeEnabled": true
      },
      {
        "__metadata": {
          "id": "Web/Lists(guid'4b705218-b52e-468c-8682-9cb5282a0ad4')/Items(14)",
          "uri": "https://ddnet2013.hosting.deloitte.com/sites/DeloitteDoesThat/_api/Web/Lists(guid'4b705218-b52e-468c-8682-9cb5282a0ad4')/Items(14)",
          "etag": "\"6\"",
          "type": "SP.Data.Sub_x0020_CategoryListItem"
        },
        "Category": {
          "__metadata": {
            "id": "9390dfa4-8ae6-4fda-93f9-7077d5b12b0c",
            "type": "SP.Data.CategoryListItem"
          },
          "Title": "DC Technology"
        },
        "Business_x0020_Function": {
          "__metadata": {
            "id": "f3dffe20-7f81-4288-ac81-e0b564c6c568",
            "type": "SP.Data.Business_x0020_FunctionListItem"
          },
          "Title": "Consulting"
        },
        "Title": "Analytics + Information Management",
        "PageUrl": "https://ddnet2013.hosting.deloitte.com/sites/DeloitteDoesThat/Pages/Analytics_Information_Management.aspx",
        "IsHomeEnabled": true
      },
      {
        "__metadata": {
          "id": "Web/Lists(guid'4b705218-b52e-468c-8682-9cb5282a0ad4')/Items(15)",
          "uri": "https://ddnet2013.hosting.deloitte.com/sites/DeloitteDoesThat/_api/Web/Lists(guid'4b705218-b52e-468c-8682-9cb5282a0ad4')/Items(15)",
          "etag": "\"5\"",
          "type": "SP.Data.Sub_x0020_CategoryListItem"
        },
        "Category": {
          "__metadata": {
            "id": "2a4554ba-d425-4db2-9904-373125806b56",
            "type": "SP.Data.CategoryListItem"
          },
          "Title": "DC Technology"
        },
        "Business_x0020_Function": {
          "__metadata": {
            "id": "7eb415d9-980a-4452-9477-c225f10f0676",
            "type": "SP.Data.Business_x0020_FunctionListItem"
          },
          "Title": "Consulting"
        },
        "Title": "Application Management Services",
        "PageUrl": "https://ddnet2013.hosting.deloitte.com/sites/DeloitteDoesThat/Pages/Application_Management_Services.aspx",
        "IsHomeEnabled": true
      },
      {
        "__metadata": {
          "id": "Web/Lists(guid'4b705218-b52e-468c-8682-9cb5282a0ad4')/Items(16)",
          "uri": "https://ddnet2013.hosting.deloitte.com/sites/DeloitteDoesThat/_api/Web/Lists(guid'4b705218-b52e-468c-8682-9cb5282a0ad4')/Items(16)",
          "etag": "\"5\"",
          "type": "SP.Data.Sub_x0020_CategoryListItem"
        },
        "Category": {
          "__metadata": {
            "id": "362a60a8-afab-4190-b420-9160f6243b93",
            "type": "SP.Data.CategoryListItem"
          },
          "Title": "DC Technology"
        },
        "Business_x0020_Function": {
          "__metadata": {
            "id": "d0dcbb07-3600-459b-b286-4f2de0239b65",
            "type": "SP.Data.Business_x0020_FunctionListItem"
          },
          "Title": "Consulting"
        },
        "Title": "Deloitte Digital",
        "PageUrl": "https://ddnet2013.hosting.deloitte.com/sites/DeloitteDoesThat/Pages/Deloitte_Digital.aspx",
        "IsHomeEnabled": true
      },
      {
        "__metadata": {
          "id": "Web/Lists(guid'4b705218-b52e-468c-8682-9cb5282a0ad4')/Items(17)",
          "uri": "https://ddnet2013.hosting.deloitte.com/sites/DeloitteDoesThat/_api/Web/Lists(guid'4b705218-b52e-468c-8682-9cb5282a0ad4')/Items(17)",
          "etag": "\"6\"",
          "type": "SP.Data.Sub_x0020_CategoryListItem"
        },
        "Category": {
          "__metadata": {
            "id": "9b03c160-de0b-4381-b61d-e8d447f45598",
            "type": "SP.Data.CategoryListItem"
          },
          "Title": "DC Technology"
        },
        "Business_x0020_Function": {
          "__metadata": {
            "id": "d5ce1719-e789-474c-9ef8-bebb6f2fb26e",
            "type": "SP.Data.Business_x0020_FunctionListItem"
          },
          "Title": "Consulting"
        },
        "Title": "Oracle Enterprise Solutions",
        "PageUrl": "https://ddnet2013.hosting.deloitte.com/sites/DeloitteDoesThat/Pages/Oracle_Enterprise_Solutions.aspx",
        "IsHomeEnabled": true
      },
      {
        "__metadata": {
          "id": "Web/Lists(guid'4b705218-b52e-468c-8682-9cb5282a0ad4')/Items(18)",
          "uri": "https://ddnet2013.hosting.deloitte.com/sites/DeloitteDoesThat/_api/Web/Lists(guid'4b705218-b52e-468c-8682-9cb5282a0ad4')/Items(18)",
          "etag": "\"5\"",
          "type": "SP.Data.Sub_x0020_CategoryListItem"
        },
        "Category": {
          "__metadata": {
            "id": "f2992268-8c41-42fa-a2ab-50a011569fcc",
            "type": "SP.Data.CategoryListItem"
          },
          "Title": "DC Technology"
        },
        "Business_x0020_Function": {
          "__metadata": {
            "id": "51c3c1ff-8552-4497-9208-ed1d000ff3cf",
            "type": "SP.Data.Business_x0020_FunctionListItem"
          },
          "Title": "Consulting"
        },
        "Title": "SAP",
        "PageUrl": "https://ddnet2013.hosting.deloitte.com/sites/DeloitteDoesThat/Pages/SAP.aspx",
        "IsHomeEnabled": true
      },
      {
        "__metadata": {
          "id": "Web/Lists(guid'4b705218-b52e-468c-8682-9cb5282a0ad4')/Items(19)",
          "uri": "https://ddnet2013.hosting.deloitte.com/sites/DeloitteDoesThat/_api/Web/Lists(guid'4b705218-b52e-468c-8682-9cb5282a0ad4')/Items(19)",
          "etag": "\"5\"",
          "type": "SP.Data.Sub_x0020_CategoryListItem"
        },
        "Category": {
          "__metadata": {
            "id": "cc850d80-57d9-4385-8243-d536a3b50465",
            "type": "SP.Data.CategoryListItem"
          },
          "Title": "DC Technology"
        },
        "Business_x0020_Function": {
          "__metadata": {
            "id": "b7c9db3d-3aad-4fd7-9e2e-aff68d93ab4a",
            "type": "SP.Data.Business_x0020_FunctionListItem"
          },
          "Title": "Consulting"
        },
        "Title": "Systems Integration",
        "PageUrl": "https://ddnet2013.hosting.deloitte.com/sites/DeloitteDoesThat/Pages/Systems_Integration.aspx",
        "IsHomeEnabled": true
      },
      {
        "__metadata": {
          "id": "Web/Lists(guid'4b705218-b52e-468c-8682-9cb5282a0ad4')/Items(20)",
          "uri": "https://ddnet2013.hosting.deloitte.com/sites/DeloitteDoesThat/_api/Web/Lists(guid'4b705218-b52e-468c-8682-9cb5282a0ad4')/Items(20)",
          "etag": "\"5\"",
          "type": "SP.Data.Sub_x0020_CategoryListItem"
        },
        "Category": {
          "__metadata": {
            "id": "375c3145-e147-4221-b720-95eef4dabf81",
            "type": "SP.Data.CategoryListItem"
          },
          "Title": "DC Technology"
        },
        "Business_x0020_Function": {
          "__metadata": {
            "id": "ec66e827-7f7a-4403-9944-744c99d2b6aa",
            "type": "SP.Data.Business_x0020_FunctionListItem"
          },
          "Title": "Consulting"
        },
        "Title": "Technology Strategy & Architecture",
        "PageUrl": "https://ddnet2013.hosting.deloitte.com/sites/DeloitteDoesThat/Pages/Technology_Strategy_Architecture.aspx",
        "IsHomeEnabled": true
      },
      {
        "__metadata": {
          "id": "Web/Lists(guid'4b705218-b52e-468c-8682-9cb5282a0ad4')/Items(21)",
          "uri": "https://ddnet2013.hosting.deloitte.com/sites/DeloitteDoesThat/_api/Web/Lists(guid'4b705218-b52e-468c-8682-9cb5282a0ad4')/Items(21)",
          "etag": "\"6\"",
          "type": "SP.Data.Sub_x0020_CategoryListItem"
        },
        "Category": {
          "__metadata": {
            "id": "3bd0935b-2a0f-4b5e-9699-f4cbd60ac6be",
            "type": "SP.Data.CategoryListItem"
          },
          "Title": "Human Capital"
        },
        "Business_x0020_Function": {
          "__metadata": {
            "id": "27f5a412-f593-475b-94b9-2ad1468aee09",
            "type": "SP.Data.Business_x0020_FunctionListItem"
          },
          "Title": "Consulting"
        },
        "Title": "Actuarial, Rewards & Analytics",
        "PageUrl": "https://ddnet2013.hosting.deloitte.com/sites/DeloitteDoesThat/Pages/Actuarial_Reward_Analytics.aspx",
        "IsHomeEnabled": true
      },
      {
        "__metadata": {
          "id": "Web/Lists(guid'4b705218-b52e-468c-8682-9cb5282a0ad4')/Items(22)",
          "uri": "https://ddnet2013.hosting.deloitte.com/sites/DeloitteDoesThat/_api/Web/Lists(guid'4b705218-b52e-468c-8682-9cb5282a0ad4')/Items(22)",
          "etag": "\"5\"",
          "type": "SP.Data.Sub_x0020_CategoryListItem"
        },
        "Category": {
          "__metadata": {
            "id": "096cc6e7-32c6-4e33-a168-e4453f797a12",
            "type": "SP.Data.CategoryListItem"
          },
          "Title": "Human Capital"
        },
        "Business_x0020_Function": {
          "__metadata": {
            "id": "0bfb7c17-cedf-4ed6-a9c7-06a5720acd95",
            "type": "SP.Data.Business_x0020_FunctionListItem"
          },
          "Title": "Consulting"
        },
        "Title": "Bersin",
        "PageUrl": "https://ddnet2013.hosting.deloitte.com/sites/DeloitteDoesThat/Pages/Bersin.aspx",
        "IsHomeEnabled": true
      },
      {
        "__metadata": {
          "id": "Web/Lists(guid'4b705218-b52e-468c-8682-9cb5282a0ad4')/Items(23)",
          "uri": "https://ddnet2013.hosting.deloitte.com/sites/DeloitteDoesThat/_api/Web/Lists(guid'4b705218-b52e-468c-8682-9cb5282a0ad4')/Items(23)",
          "etag": "\"6\"",
          "type": "SP.Data.Sub_x0020_CategoryListItem"
        },
        "Category": {
          "__metadata": {
            "id": "3b0a699b-6465-416b-b569-b48007f3906f",
            "type": "SP.Data.CategoryListItem"
          },
          "Title": "Human Capital"
        },
        "Business_x0020_Function": {
          "__metadata": {
            "id": "1b88a39d-f11e-48ed-9d00-6253501601a4",
            "type": "SP.Data.Business_x0020_FunctionListItem"
          },
          "Title": "Consulting"
        },
        "Title": "HR Transformation",
        "PageUrl": "https://ddnet2013.hosting.deloitte.com/sites/DeloitteDoesThat/Pages/HR_Transformation.aspx",
        "IsHomeEnabled": true
      },
      {
        "__metadata": {
          "id": "Web/Lists(guid'4b705218-b52e-468c-8682-9cb5282a0ad4')/Items(24)",
          "uri": "https://ddnet2013.hosting.deloitte.com/sites/DeloitteDoesThat/_api/Web/Lists(guid'4b705218-b52e-468c-8682-9cb5282a0ad4')/Items(24)",
          "etag": "\"5\"",
          "type": "SP.Data.Sub_x0020_CategoryListItem"
        },
        "Category": {
          "__metadata": {
            "id": "b9d419b7-1671-4e7a-9243-ff5e12074672",
            "type": "SP.Data.CategoryListItem"
          },
          "Title": "Human Capital"
        },
        "Business_x0020_Function": {
          "__metadata": {
            "id": "ba3b1b3c-becb-4b9d-8e43-3f8651904d29",
            "type": "SP.Data.Business_x0020_FunctionListItem"
          },
          "Title": "Consulting"
        },
        "Title": "Organization Transformation & Talent",
        "PageUrl": "https://ddnet2013.hosting.deloitte.com/sites/DeloitteDoesThat/Pages/Organization_Transformation_Talent.aspx",
        "IsHomeEnabled": true
      },
      {
        "__metadata": {
          "id": "Web/Lists(guid'4b705218-b52e-468c-8682-9cb5282a0ad4')/Items(25)",
          "uri": "https://ddnet2013.hosting.deloitte.com/sites/DeloitteDoesThat/_api/Web/Lists(guid'4b705218-b52e-468c-8682-9cb5282a0ad4')/Items(25)",
          "etag": "\"5\"",
          "type": "SP.Data.Sub_x0020_CategoryListItem"
        },
        "Category": {
          "__metadata": {
            "id": "76620798-eacc-4d34-bbb5-e15a247aa2da",
            "type": "SP.Data.CategoryListItem"
          },
          "Title": "Strategy & Operations"
        },
        "Business_x0020_Function": {
          "__metadata": {
            "id": "7a14633c-42d1-48cd-a0ab-2f0a4e968afa",
            "type": "SP.Data.Business_x0020_FunctionListItem"
          },
          "Title": "Consulting"
        },
        "Title": "Business Model Transformation",
        "PageUrl": "https://ddnet2013.hosting.deloitte.com/sites/DeloitteDoesThat/Pages/Business_Model_Transformation.aspx",
        "IsHomeEnabled": true
      },
      {
        "__metadata": {
          "id": "Web/Lists(guid'4b705218-b52e-468c-8682-9cb5282a0ad4')/Items(26)",
          "uri": "https://ddnet2013.hosting.deloitte.com/sites/DeloitteDoesThat/_api/Web/Lists(guid'4b705218-b52e-468c-8682-9cb5282a0ad4')/Items(26)",
          "etag": "\"5\"",
          "type": "SP.Data.Sub_x0020_CategoryListItem"
        },
        "Category": {
          "__metadata": {
            "id": "020e814a-b6eb-468e-a4ff-50b526b4eacb",
            "type": "SP.Data.CategoryListItem"
          },
          "Title": "Strategy & Operations"
        },
        "Business_x0020_Function": {
          "__metadata": {
            "id": "b72053ce-ba05-4de5-938a-af06df37b557",
            "type": "SP.Data.Business_x0020_FunctionListItem"
          },
          "Title": "Consulting"
        },
        "Title": "Finance",
        "PageUrl": "https://ddnet2013.hosting.deloitte.com/sites/DeloitteDoesThat/Pages/Finance.aspx",
        "IsHomeEnabled": true
      },
      {
        "__metadata": {
          "id": "Web/Lists(guid'4b705218-b52e-468c-8682-9cb5282a0ad4')/Items(27)",
          "uri": "https://ddnet2013.hosting.deloitte.com/sites/DeloitteDoesThat/_api/Web/Lists(guid'4b705218-b52e-468c-8682-9cb5282a0ad4')/Items(27)",
          "etag": "\"5\"",
          "type": "SP.Data.Sub_x0020_CategoryListItem"
        },
        "Category": {
          "__metadata": {
            "id": "0e0a504f-a9cb-4577-9c2f-8a7729157612",
            "type": "SP.Data.CategoryListItem"
          },
          "Title": "Strategy & Operations"
        },
        "Business_x0020_Function": {
          "__metadata": {
            "id": "edff08f7-97c8-4bd4-9445-bb807e68a51d",
            "type": "SP.Data.Business_x0020_FunctionListItem"
          },
          "Title": "Consulting"
        },
        "Title": "Mergers & Acquisitions",
        "PageUrl": "https://ddnet2013.hosting.deloitte.com/sites/DeloitteDoesThat/Pages/Mergers_Acquisitions.aspx",
        "IsHomeEnabled": true
      },
      {
        "__metadata": {
          "id": "Web/Lists(guid'4b705218-b52e-468c-8682-9cb5282a0ad4')/Items(28)",
          "uri": "https://ddnet2013.hosting.deloitte.com/sites/DeloitteDoesThat/_api/Web/Lists(guid'4b705218-b52e-468c-8682-9cb5282a0ad4')/Items(28)",
          "etag": "\"5\"",
          "type": "SP.Data.Sub_x0020_CategoryListItem"
        },
        "Category": {
          "__metadata": {
            "id": "b7556a8b-0032-4a94-9796-c183f79fd2d8",
            "type": "SP.Data.CategoryListItem"
          },
          "Title": "Strategy & Operations"
        },
        "Business_x0020_Function": {
          "__metadata": {
            "id": "07f19122-a984-46ce-bb29-3e511c2c9fc2",
            "type": "SP.Data.Business_x0020_FunctionListItem"
          },
          "Title": "Consulting"
        },
        "Title": "Monitor Deloitte",
        "PageUrl": "https://ddnet2013.hosting.deloitte.com/sites/DeloitteDoesThat/Pages/Monitor_Deloitte.aspx",
        "IsHomeEnabled": true
      },
      {
        "__metadata": {
          "id": "Web/Lists(guid'4b705218-b52e-468c-8682-9cb5282a0ad4')/Items(29)",
          "uri": "https://ddnet2013.hosting.deloitte.com/sites/DeloitteDoesThat/_api/Web/Lists(guid'4b705218-b52e-468c-8682-9cb5282a0ad4')/Items(29)",
          "etag": "\"5\"",
          "type": "SP.Data.Sub_x0020_CategoryListItem"
        },
        "Category": {
          "__metadata": {
            "id": "b39a5e8e-6fc0-487b-8baa-34902c8b8947",
            "type": "SP.Data.CategoryListItem"
          },
          "Title": "Strategy & Operations"
        },
        "Business_x0020_Function": {
          "__metadata": {
            "id": "265b8305-971b-49c9-92f7-16c4ae2c393c",
            "type": "SP.Data.Business_x0020_FunctionListItem"
          },
          "Title": "Consulting"
        },
        "Title": "Service Operations",
        "PageUrl": "https://ddnet2013.hosting.deloitte.com/sites/DeloitteDoesThat/Pages/Service_Operations.aspx",
        "IsHomeEnabled": true
      },
      {
        "__metadata": {
          "id": "Web/Lists(guid'4b705218-b52e-468c-8682-9cb5282a0ad4')/Items(31)",
          "uri": "https://ddnet2013.hosting.deloitte.com/sites/DeloitteDoesThat/_api/Web/Lists(guid'4b705218-b52e-468c-8682-9cb5282a0ad4')/Items(31)",
          "etag": "\"8\"",
          "type": "SP.Data.Sub_x0020_CategoryListItem"
        },
        "Category": {
          "__metadata": {
            "id": "5bd95f30-4d02-4ca9-98f1-236cc0a8cf85",
            "type": "SP.Data.CategoryListItem"
          },
          "Title": "Strategy & Operations"
        },
        "Business_x0020_Function": {
          "__metadata": {
            "id": "aa561573-6180-4bca-ae66-e9e16e5e1f52",
            "type": "SP.Data.Business_x0020_FunctionListItem"
          },
          "Title": "Consulting"
        },
        "Title": "Supply Chain & Manufacturing Operations",
        "PageUrl": "https://ddnet2013.hosting.deloitte.com/sites/DeloitteDoesThat/Pages/Supply_Chain_Manufacturing_Operations.aspx",
        "IsHomeEnabled": true
      },
      {
        "__metadata": {
          "id": "Web/Lists(guid'4b705218-b52e-468c-8682-9cb5282a0ad4')/Items(32)",
          "uri": "https://ddnet2013.hosting.deloitte.com/sites/DeloitteDoesThat/_api/Web/Lists(guid'4b705218-b52e-468c-8682-9cb5282a0ad4')/Items(32)",
          "etag": "\"5\"",
          "type": "SP.Data.Sub_x0020_CategoryListItem"
        },
        "Category": {
          "__metadata": {
            "id": "6ca8e5d1-8742-470b-924d-835612993900",
            "type": "SP.Data.CategoryListItem"
          },
          "Title": "Global"
        },
        "Business_x0020_Function": {
          "__metadata": {
            "id": "a5b356a1-af80-4533-82a4-5e1d4af51bd3",
            "type": "SP.Data.Business_x0020_FunctionListItem"
          },
          "Title": "Tax"
        },
        "Title": "Global Financial Transactions & Information Reporting",
        "PageUrl": "https://ddnet2013.hosting.deloitte.com/sites/DeloitteDoesThat/Pages/Global_Financial_Transactions_Information_Reporting.aspx",
        "IsHomeEnabled": true
      },
      {
        "__metadata": {
          "id": "Web/Lists(guid'4b705218-b52e-468c-8682-9cb5282a0ad4')/Items(33)",
          "uri": "https://ddnet2013.hosting.deloitte.com/sites/DeloitteDoesThat/_api/Web/Lists(guid'4b705218-b52e-468c-8682-9cb5282a0ad4')/Items(33)",
          "etag": "\"5\"",
          "type": "SP.Data.Sub_x0020_CategoryListItem"
        },
        "Category": {
          "__metadata": {
            "id": "3c024d50-3d67-465d-a945-7675c25f9970",
            "type": "SP.Data.CategoryListItem"
          },
          "Title": "Global"
        },
        "Business_x0020_Function": {
          "__metadata": {
            "id": "156a28be-5dd3-4db6-997e-8fd095c18dea",
            "type": "SP.Data.Business_x0020_FunctionListItem"
          },
          "Title": "Tax"
        },
        "Title": "Cross-border Talent Mobility Strategy & Advisory",
        "PageUrl": "https://ddnet2013.hosting.deloitte.com/sites/DeloitteDoesThat/Pages/Cross-border_Talent_Mobility_Strategy_Advisory.aspx",
        "IsHomeEnabled": true
      },
      {
        "__metadata": {
          "id": "Web/Lists(guid'4b705218-b52e-468c-8682-9cb5282a0ad4')/Items(34)",
          "uri": "https://ddnet2013.hosting.deloitte.com/sites/DeloitteDoesThat/_api/Web/Lists(guid'4b705218-b52e-468c-8682-9cb5282a0ad4')/Items(34)",
          "etag": "\"2\"",
          "type": "SP.Data.Sub_x0020_CategoryListItem"
        },
        "Category": {
          "__metadata": {
            "id": "a3d02469-420d-423b-8752-07735e8efca3",
            "type": "SP.Data.CategoryListItem"
          },
          "Title": "Mergers and Acquisitions"
        },
        "Business_x0020_Function": {
          "__metadata": {
            "id": "26884bfa-15d1-4238-8b4a-e0487451151f",
            "type": "SP.Data.Business_x0020_FunctionListItem"
          },
          "Title": "Tax"
        },
        "Title": "Tax Mergers and Acquisitions",
        "PageUrl": null,
        "IsHomeEnabled": null
      },
      {
        "__metadata": {
          "id": "Web/Lists(guid'4b705218-b52e-468c-8682-9cb5282a0ad4')/Items(35)",
          "uri": "https://ddnet2013.hosting.deloitte.com/sites/DeloitteDoesThat/_api/Web/Lists(guid'4b705218-b52e-468c-8682-9cb5282a0ad4')/Items(35)",
          "etag": "\"5\"",
          "type": "SP.Data.Sub_x0020_CategoryListItem"
        },
        "Category": {
          "__metadata": {
            "id": "4733090d-0fb5-489a-afbc-1fa41c809e49",
            "type": "SP.Data.CategoryListItem"
          },
          "Title": "Supply Chain"
        },
        "Business_x0020_Function": {
          "__metadata": {
            "id": "489b4c80-fa3f-4ffb-a156-681a6a294d8a",
            "type": "SP.Data.Business_x0020_FunctionListItem"
          },
          "Title": "Tax"
        },
        "Title": "Business Model Optimization",
        "PageUrl": "https://ddnet2013.hosting.deloitte.com/sites/DeloitteDoesThat/Pages/Business_Model_Optimization.aspx",
        "IsHomeEnabled": true
      },
      {
        "__metadata": {
          "id": "Web/Lists(guid'4b705218-b52e-468c-8682-9cb5282a0ad4')/Items(36)",
          "uri": "https://ddnet2013.hosting.deloitte.com/sites/DeloitteDoesThat/_api/Web/Lists(guid'4b705218-b52e-468c-8682-9cb5282a0ad4')/Items(36)",
          "etag": "\"6\"",
          "type": "SP.Data.Sub_x0020_CategoryListItem"
        },
        "Category": {
          "__metadata": {
            "id": "2434fa19-1569-43c3-a8d9-f4c30c0668da",
            "type": "SP.Data.CategoryListItem"
          },
          "Title": "Supply Chain"
        },
        "Business_x0020_Function": {
          "__metadata": {
            "id": "9d54e588-86d4-4eba-9e54-64294c4aaaf8",
            "type": "SP.Data.Business_x0020_FunctionListItem"
          },
          "Title": "Tax"
        },
        "Title": "IP Planning",
        "PageUrl": "https://ddnet2013.hosting.deloitte.com/sites/DeloitteDoesThat/Pages/Intellectual_Property_Planning.aspx",
        "IsHomeEnabled": true
      },
      {
        "__metadata": {
          "id": "Web/Lists(guid'4b705218-b52e-468c-8682-9cb5282a0ad4')/Items(37)",
          "uri": "https://ddnet2013.hosting.deloitte.com/sites/DeloitteDoesThat/_api/Web/Lists(guid'4b705218-b52e-468c-8682-9cb5282a0ad4')/Items(37)",
          "etag": "\"6\"",
          "type": "SP.Data.Sub_x0020_CategoryListItem"
        },
        "Category": {
          "__metadata": {
            "id": "ba37f895-5b00-4e88-8b74-e082124e0233",
            "type": "SP.Data.CategoryListItem"
          },
          "Title": "Transformation"
        },
        "Business_x0020_Function": {
          "__metadata": {
            "id": "225dce01-b444-4457-99cf-3bacdc6c5801",
            "type": "SP.Data.Business_x0020_FunctionListItem"
          },
          "Title": "Tax"
        },
        "Title": "Tax Technology Consulting & Implementation",
        "PageUrl": "https://ddnet2013.hosting.deloitte.com/sites/DeloitteDoesThat/Pages/Tax_Technology_Consulting_Implementation.aspx",
        "IsHomeEnabled": true
      },
      {
        "__metadata": {
          "id": "Web/Lists(guid'4b705218-b52e-468c-8682-9cb5282a0ad4')/Items(38)",
          "uri": "https://ddnet2013.hosting.deloitte.com/sites/DeloitteDoesThat/_api/Web/Lists(guid'4b705218-b52e-468c-8682-9cb5282a0ad4')/Items(38)",
          "etag": "\"2\"",
          "type": "SP.Data.Sub_x0020_CategoryListItem"
        },
        "Category": {
          "__metadata": {
            "id": "e66e8cce-5bc8-4906-82c3-00eac40727df",
            "type": "SP.Data.CategoryListItem"
          },
          "Title": "Other Tax Services"
        },
        "Business_x0020_Function": {
          "__metadata": {
            "id": "6589c177-ce47-43de-a9f1-44441520928b",
            "type": "SP.Data.Business_x0020_FunctionListItem"
          },
          "Title": "Tax"
        },
        "Title": "Compliance, Reporting & Risk Management Services - Direct and Indirect Taxes",
        "PageUrl": null,
        "IsHomeEnabled": null
      },
      {
        "__metadata": {
          "id": "Web/Lists(guid'4b705218-b52e-468c-8682-9cb5282a0ad4')/Items(39)",
          "uri": "https://ddnet2013.hosting.deloitte.com/sites/DeloitteDoesThat/_api/Web/Lists(guid'4b705218-b52e-468c-8682-9cb5282a0ad4')/Items(39)",
          "etag": "\"2\"",
          "type": "SP.Data.Sub_x0020_CategoryListItem"
        },
        "Category": {
          "__metadata": {
            "id": "3d511860-b16a-4356-bf0d-59f3b636bb99",
            "type": "SP.Data.CategoryListItem"
          },
          "Title": "Other Tax Services"
        },
        "Business_x0020_Function": {
          "__metadata": {
            "id": "0fbe6bce-d15a-45eb-83fb-1529da5088cb",
            "type": "SP.Data.Business_x0020_FunctionListItem"
          },
          "Title": "Tax"
        },
        "Title": "Private Wealth Tax Planning",
        "PageUrl": null,
        "IsHomeEnabled": null
      },
      {
        "__metadata": {
          "id": "Web/Lists(guid'4b705218-b52e-468c-8682-9cb5282a0ad4')/Items(40)",
          "uri": "https://ddnet2013.hosting.deloitte.com/sites/DeloitteDoesThat/_api/Web/Lists(guid'4b705218-b52e-468c-8682-9cb5282a0ad4')/Items(40)",
          "etag": "\"6\"",
          "type": "SP.Data.Sub_x0020_CategoryListItem"
        },
        "Category": { "__deferred": { "uri": "https://ddnet2013.hosting.deloitte.com/sites/DeloitteDoesThat/_api/Web/Lists(guid'4b705218-b52e-468c-8682-9cb5282a0ad4')/Items(40)/Category" } },
        "Business_x0020_Function": {
          "__metadata": {
            "id": "d091aae8-6b4a-4161-a35c-876bebe563a5",
            "type": "SP.Data.Business_x0020_FunctionListItem"
          },
          "Title": "Cross-Business"
        },
        "Title": "Analytics",
        "PageUrl": "https://ddnet2013.hosting.deloitte.com/sites/DeloitteDoesThat/Pages/Analytics.aspx",
        "IsHomeEnabled": false
      },
      {
        "__metadata": {
          "id": "Web/Lists(guid'4b705218-b52e-468c-8682-9cb5282a0ad4')/Items(41)",
          "uri": "https://ddnet2013.hosting.deloitte.com/sites/DeloitteDoesThat/_api/Web/Lists(guid'4b705218-b52e-468c-8682-9cb5282a0ad4')/Items(41)",
          "etag": "\"5\"",
          "type": "SP.Data.Sub_x0020_CategoryListItem"
        },
        "Category": { "__deferred": { "uri": "https://ddnet2013.hosting.deloitte.com/sites/DeloitteDoesThat/_api/Web/Lists(guid'4b705218-b52e-468c-8682-9cb5282a0ad4')/Items(41)/Category" } },
        "Business_x0020_Function": {
          "__metadata": {
            "id": "dd349802-915f-4a21-a005-6040dd0abb8d",
            "type": "SP.Data.Business_x0020_FunctionListItem"
          },
          "Title": "Cross-Business"
        },
        "Title": "Finance Transformation",
        "PageUrl": "https://ddnet2013.hosting.deloitte.com/sites/DeloitteDoesThat/Pages/Finance_Transformation.aspx",
        "IsHomeEnabled": true
      },
      {
        "__metadata": {
          "id": "Web/Lists(guid'4b705218-b52e-468c-8682-9cb5282a0ad4')/Items(42)",
          "uri": "https://ddnet2013.hosting.deloitte.com/sites/DeloitteDoesThat/_api/Web/Lists(guid'4b705218-b52e-468c-8682-9cb5282a0ad4')/Items(42)",
          "etag": "\"5\"",
          "type": "SP.Data.Sub_x0020_CategoryListItem"
        },
        "Category": { "__deferred": { "uri": "https://ddnet2013.hosting.deloitte.com/sites/DeloitteDoesThat/_api/Web/Lists(guid'4b705218-b52e-468c-8682-9cb5282a0ad4')/Items(42)/Category" } },
        "Business_x0020_Function": {
          "__metadata": {
            "id": "5ddd3ad1-6eb0-4c40-ad12-45fd4cd4e6fe",
            "type": "SP.Data.Business_x0020_FunctionListItem"
          },
          "Title": "Cross-Business"
        },
        "Title": "Merger & Acquisition Services",
        "PageUrl": "https://ddnet2013.hosting.deloitte.com/sites/DeloitteDoesThat/Pages/Merger_Acquisition_Services.aspx",
        "IsHomeEnabled": true
      },
      {
        "__metadata": {
          "id": "Web/Lists(guid'4b705218-b52e-468c-8682-9cb5282a0ad4')/Items(43)",
          "uri": "https://ddnet2013.hosting.deloitte.com/sites/DeloitteDoesThat/_api/Web/Lists(guid'4b705218-b52e-468c-8682-9cb5282a0ad4')/Items(43)",
          "etag": "\"5\"",
          "type": "SP.Data.Sub_x0020_CategoryListItem"
        },
        "Category": { "__deferred": { "uri": "https://ddnet2013.hosting.deloitte.com/sites/DeloitteDoesThat/_api/Web/Lists(guid'4b705218-b52e-468c-8682-9cb5282a0ad4')/Items(43)/Category" } },
        "Business_x0020_Function": {
          "__metadata": {
            "id": "0c293fa0-c403-4961-b21b-d891c7ded423",
            "type": "SP.Data.Business_x0020_FunctionListItem"
          },
          "Title": "Cross-Business"
        },
        "Title": "Service Delivery Transformation",
        "PageUrl": "https://ddnet2013.hosting.deloitte.com/sites/DeloitteDoesThat/Pages/Service_Delivery_Transformation.aspx",
        "IsHomeEnabled": true
      }
    ]
  }
}