{
  "d": {
    "results": [
      {
        "__metadata": {
          "id": "Web/Lists(guid'ce5db904-8ea0-48f6-a7c0-8a56f9808120')/Items(26)",
          "uri": "https://ddnet2013.hosting.deloitte.com/sites/DeloitteDoesThat/_api/Web/Lists(guid'ce5db904-8ea0-48f6-a7c0-8a56f9808120')/Items(26)",
          "etag": "\"1\"",
          "type": "SP.Data.CommentsListItem"
        },
        "CommentedBy": {
          "__metadata": {
            "id": "97df966f-131c-4292-913a-4937cbb844ee",
            "type": "SP.Data.UserInfoItem"
          },
          "Title": "Roopesh Perla"
        },
        "Description": "Hello!",
        "Modified": "2017-03-12T22:02:40Z",
        "VideoIDNew": 1
      },
      {
        "__metadata": {
          "id": "Web/Lists(guid'ce5db904-8ea0-48f6-a7c0-8a56f9808120')/Items(25)",
          "uri": "https://ddnet2013.hosting.deloitte.com/sites/DeloitteDoesThat/_api/Web/Lists(guid'ce5db904-8ea0-48f6-a7c0-8a56f9808120')/Items(25)",
          "etag": "\"1\"",
          "type": "SP.Data.CommentsListItem"
        },
        "CommentedBy": {
          "__metadata": {
            "id": "6ef63814-cf4a-49e9-b752-6a007c8d7d68",
            "type": "SP.Data.UserInfoItem"
          },
          "Title": "Angelica Rivas"
        },
        "Description": "Last test",
        "Modified": "2017-03-12T21:22:40Z",
        "VideoIDNew": 1
      },
      {
        "__metadata": {
          "id": "Web/Lists(guid'ce5db904-8ea0-48f6-a7c0-8a56f9808120')/Items(23)",
          "uri": "https://ddnet2013.hosting.deloitte.com/sites/DeloitteDoesThat/_api/Web/Lists(guid'ce5db904-8ea0-48f6-a7c0-8a56f9808120')/Items(23)",
          "etag": "\"1\"",
          "type": "SP.Data.CommentsListItem"
        },
        "CommentedBy": {
          "__metadata": {
            "id": "249d8a2d-0137-4683-91b9-c94e686c357e",
            "type": "SP.Data.UserInfoItem"
          },
          "Title": "Angelica Rivas"
        },
        "Description": "Hey!",
        "Modified": "2017-03-12T15:50:31Z",
        "VideoIDNew": 1
      },
      {
        "__metadata": {
          "id": "Web/Lists(guid'ce5db904-8ea0-48f6-a7c0-8a56f9808120')/Items(4)",
          "uri": "https://ddnet2013.hosting.deloitte.com/sites/DeloitteDoesThat/_api/Web/Lists(guid'ce5db904-8ea0-48f6-a7c0-8a56f9808120')/Items(4)",
          "etag": "\"2\"",
          "type": "SP.Data.CommentsListItem"
        },
        "CommentedBy": {
          "__metadata": {
            "id": "f6aa6a52-412f-4d26-968e-9b4977424ab5",
            "type": "SP.Data.UserInfoItem"
          },
          "Title": "timothy staebler"
        },
        "Description": "Finance & Operations teams help clients enhance their business performance through the implementation of leading practice controls, processes, and technologies to better manage and optimize financial and operational risks.",
        "Modified": "2017-03-11T22:12:14Z",
        "VideoIDNew": 1
      },
      {
        "__metadata": {
          "id": "Web/Lists(guid'ce5db904-8ea0-48f6-a7c0-8a56f9808120')/Items(1)",
          "uri": "https://ddnet2013.hosting.deloitte.com/sites/DeloitteDoesThat/_api/Web/Lists(guid'ce5db904-8ea0-48f6-a7c0-8a56f9808120')/Items(1)",
          "etag": "\"2\"",
          "type": "SP.Data.CommentsListItem"
        },
        "CommentedBy": {
          "__metadata": {
            "id": "51f4d9fa-18aa-498b-bf1c-9e21bfe338af",
            "type": "SP.Data.UserInfoItem"
          },
          "Title": "Amuda, Shiv Kumar (US - Hyderabad)"
        },
        "Description": "Test Comments",
        "Modified": "2017-03-11T22:12:13Z",
        "VideoIDNew": 1
      }
    ]
  }
}