{
    "d": {
        "results": [
            {
                "__metadata": {
                    "id": "Web/Lists(guid'ff3a09dc-374d-4f82-8c90-d132c17607d7')/Items(1)",
                    "uri": "https://ddnet2013.hosting.deloitte.com/sites/DeloitteDoesThat/_api/Web/Lists(guid'ff3a09dc-374d-4f82-8c90-d132c17607d7')/Items(1)",
                    "etag": "\"68\"",
                    "type": "SP.Data.VideoListItem"
                },
                "SubCategory": {
                    "__metadata": {
                        "id": "8d4df2db-188a-40b4-a7f2-c2be3949d529",
                        "type": "SP.Data.Sub_x0020_CategoryListItem"
                    },
                    "Title": "Accounting & Reporting Transformation"
                },
                "Solution": {
                    "__deferred": {
                        "uri": "https://ddnet2013.hosting.deloitte.com/sites/DeloitteDoesThat/_api/Web/Lists(guid'ff3a09dc-374d-4f82-8c90-d132c17607d7')/Items(1)/Solution"
                    }
                },
                "Id": 1,
                "Title": "Finance & Operations",
                "Description": "​Finance & Operations teams help clients enhance their business\nperformance through the implementation of leading practice controls, processes,\nand technologies to better manage…",
                "ThumbnailUrl": {
                    "__metadata": {
                        "type": "SP.FieldUrlValue"
                    },
                    "Description": "https://ddnet2013.hosting.deloitte.com/sites/DeloitteDoesThat/Style%20Library/DDT%20Phase%202/images/Advisory%20-%20Valuation%20-%20Justin%20Silber.jpg",
                    "Url": "https://ddnet2013.hosting.deloitte.com/sites/DeloitteDoesThat/Style%20Library/DDT%20Phase%202/images/Advisory%20-%20Valuation%20-%20Justin%20Silber.jpg"
                },
                "DMPUrl": {
                    "__metadata": {
                        "type": "SP.FieldUrlValue"
                    },
                    "Description": "https://dmp.deloittenet.deloitte.com/viewerportal/deloittenet/embed.vp?programId=esc_program%3A62056&contentAssocId=association%3A124665",
                    "Url": "https://dmp.deloittenet.deloitte.com/viewerportal/deloittenet/embed.vp?programId=esc_program%3A62056&contentAssocId=association%3A124665"
                },
                "IsSubcategoryFeatured": false,
                "ID": 1
            },
            {
                "__metadata": {
                    "id": "Web/Lists(guid'ff3a09dc-374d-4f82-8c90-d132c17607d7')/Items(2)",
                    "uri": "https://ddnet2013.hosting.deloitte.com/sites/DeloitteDoesThat/_api/Web/Lists(guid'ff3a09dc-374d-4f82-8c90-d132c17607d7')/Items(2)",
                    "etag": "\"13\"",
                    "type": "SP.Data.VideoListItem"
                },
                "SubCategory": {
                    "__metadata": {
                        "id": "9667c0a8-e206-4e7f-8188-f97c5ad503fa",
                        "type": "SP.Data.Sub_x0020_CategoryListItem"
                    },
                    "Title": "Accounting & Reporting Transformation"
                },
                "Solution": {
                    "__deferred": {
                        "uri": "https://ddnet2013.hosting.deloitte.com/sites/DeloitteDoesThat/_api/Web/Lists(guid'ff3a09dc-374d-4f82-8c90-d132c17607d7')/Items(2)/Solution"
                    }
                },
                "Id": 2,
                "Title": "Valuation",
                "Description": "Finance & Operations teams help clients enhance their business performance through the implementation of leading practice controls, processes, and technologies to better manage and optimize financial and operational risks. Those risks are typically associated with ongoing operations, external business relationships, compliance with new and existing regulations, market volatility…",
                "ThumbnailUrl": {
                    "__metadata": {
                        "type": "SP.FieldUrlValue"
                    },
                    "Description": "https://ddnet2013.hosting.deloitte.com/sites/DeloitteDoesThat/Style%20Library/DDT%20Phase%202/images/Advisory%20-%20Forensic%20-%20Investigations%20-%20Don%20Fancher.jpg",
                    "Url": "https://ddnet2013.hosting.deloitte.com/sites/DeloitteDoesThat/Style%20Library/DDT%20Phase%202/images/Advisory%20-%20Forensic%20-%20Investigations%20-%20Don%20Fancher.jpg"
                },
                "DMPUrl": {
                    "__metadata": {
                        "type": "SP.FieldUrlValue"
                    },
                    "Description": "https://dmp.deloittenet.deloitte.com/viewerportal/deloittenet/embed.vp?programId=esc_program%3A62859&contentAssocId=association%3A124114",
                    "Url": "https://dmp.deloittenet.deloitte.com/viewerportal/deloittenet/embed.vp?programId=esc_program%3A62859&contentAssocId=association%3A124114"
                },
                "IsSubcategoryFeatured": true,
                "ID": 2
            },
            {
                "__metadata": {
                    "id": "Web/Lists(guid'ff3a09dc-374d-4f82-8c90-d132c17607d7')/Items(3)",
                    "uri": "https://ddnet2013.hosting.deloitte.com/sites/DeloitteDoesThat/_api/Web/Lists(guid'ff3a09dc-374d-4f82-8c90-d132c17607d7')/Items(3)",
                    "etag": "\"4\"",
                    "type": "SP.Data.VideoListItem"
                },
                "SubCategory": {
                    "__metadata": {
                        "id": "f9935e4b-f541-410f-818e-1003f06ef52b",
                        "type": "SP.Data.Sub_x0020_CategoryListItem"
                    },
                    "Title": "Accounting & Reporting Transformation"
                },
                "Solution": {
                    "__deferred": {
                        "uri": "https://ddnet2013.hosting.deloitte.com/sites/DeloitteDoesThat/_api/Web/Lists(guid'ff3a09dc-374d-4f82-8c90-d132c17607d7')/Items(3)/Solution"
                    }
                },
                "Id": 3,
                "Title": "HR Transformation",
                "Description": null,
                "ThumbnailUrl": {
                    "__metadata": {
                        "type": "SP.FieldUrlValue"
                    },
                    "Description": "https://ddnet2013.hosting.deloitte.com/sites/DeloitteDoesThat/Style%20Library/DDT%20Phase%202/images/Advisory%20-%20Accounting%20-%20Reporting%20Transformation%20-%20Anthony%20Waelter.jpg",
                    "Url": "https://ddnet2013.hosting.deloitte.com/sites/DeloitteDoesThat/Style%20Library/DDT%20Phase%202/images/Advisory%20-%20Accounting%20-%20Reporting%20Transformation%20-%20Anthony%20Waelter.jpg"
                },
                "DMPUrl": {
                    "__metadata": {
                        "type": "SP.FieldUrlValue"
                    },
                    "Description": "https://dmp.deloittenet.deloitte.com/viewerportal/deloittenet/embed.vp?programId=esc_program%3A62060&contentAssocId=association%3A124210",
                    "Url": "https://dmp.deloittenet.deloitte.com/viewerportal/deloittenet/embed.vp?programId=esc_program%3A62060&contentAssocId=association%3A124210"
                },
                "IsSubcategoryFeatured": true,
                "ID": 3
            },
            {
                "__metadata": {
                    "id": "Web/Lists(guid'ff3a09dc-374d-4f82-8c90-d132c17607d7')/Items(6)",
                    "uri": "https://ddnet2013.hosting.deloitte.com/sites/DeloitteDoesThat/_api/Web/Lists(guid'ff3a09dc-374d-4f82-8c90-d132c17607d7')/Items(6)",
                    "etag": "\"4\"",
                    "type": "SP.Data.VideoListItem"
                },
                "SubCategory": {
                    "__metadata": {
                        "id": "b85cb33d-9fc7-4faa-ab85-92d1329aabce",
                        "type": "SP.Data.Sub_x0020_CategoryListItem"
                    },
                    "Title": "Accounting & Reporting Transformation"
                },
                "Solution": {
                    "__deferred": {
                        "uri": "https://ddnet2013.hosting.deloitte.com/sites/DeloitteDoesThat/_api/Web/Lists(guid'ff3a09dc-374d-4f82-8c90-d132c17607d7')/Items(6)/Solution"
                    }
                },
                "Id": 6,
                "Title": "​Finance & Operations and Finance",
                "Description": "​Finance & Operations teams help clients enhance their business\nperformance through the implementation of leading practice controls, processes,and technologies to better manage.​Finance & Operations teams help clients enhance their business\nperformance through the implementation of leading practice controls, processes,and technologies to better manage. AYodhya Krishnamsetty AYodhya Krishnamsetty AYodhya Krishnamsetty",
                "ThumbnailUrl": {
                    "__metadata": {
                        "type": "SP.FieldUrlValue"
                    },
                    "Description": "https://ddnet2013.hosting.deloitte.com/sites/DeloitteDoesThat/Style%20Library/DDT%20Phase%202/images/Advisory%20-%20Forensic%20-%20Investigations%20-%20Don%20Fancher.jpg",
                    "Url": "https://ddnet2013.hosting.deloitte.com/sites/DeloitteDoesThat/Style%20Library/DDT%20Phase%202/images/Advisory%20-%20Forensic%20-%20Investigations%20-%20Don%20Fancher.jpg"
                },
                "DMPUrl": {
                    "__metadata": {
                        "type": "SP.FieldUrlValue"
                    },
                    "Description": "https://dmp.deloittenet.deloitte.com/viewerportal/deloittenet/embed.vp?programId=esc_program%3A62879&contentAssocId=association%3A124",
                    "Url": "https://dmp.deloittenet.deloitte.com/viewerportal/deloittenet/embed.vp?programId=esc_program%3A62879&contentAssocId=association%3A124"
                },
                "IsSubcategoryFeatured": true,
                "ID": 6
            },
            {
                "__metadata": {
                    "id": "Web/Lists(guid'ff3a09dc-374d-4f82-8c90-d132c17607d7')/Items(12)",
                    "uri": "https://ddnet2013.hosting.deloitte.com/sites/DeloitteDoesThat/_api/Web/Lists(guid'ff3a09dc-374d-4f82-8c90-d132c17607d7')/Items(12)",
                    "etag": "\"8\"",
                    "type": "SP.Data.VideoListItem"
                },
                "SubCategory": {
                    "__metadata": {
                        "id": "eab39ae4-b6d6-4fc5-bd1d-c8f7eac090cc",
                        "type": "SP.Data.Sub_x0020_CategoryListItem"
                    },
                    "Title": "Accounting & Reporting Transformation"
                },
                "Solution": {
                    "__deferred": {
                        "uri": "https://ddnet2013.hosting.deloitte.com/sites/DeloitteDoesThat/_api/Web/Lists(guid'ff3a09dc-374d-4f82-8c90-d132c17607d7')/Items(12)/Solution"
                    }
                },
                "Id": 12,
                "Title": "Finance & Operations Consulting one",
                "Description": "Deloitte does that… through the Service Delivery Transformation Integrated Market Offering",
                "ThumbnailUrl": {
                    "__metadata": {
                        "type": "SP.FieldUrlValue"
                    },
                    "Description": "https://ddnet2013.hosting.deloitte.com/sites/DeloitteDoesThat/Style%20Library/DDT%20Phase%202/images/Advisory%20-%20Forensic%20-%20Investigations%20-%20Don%20Fancher.jpg",
                    "Url": "https://ddnet2013.hosting.deloitte.com/sites/DeloitteDoesThat/Style%20Library/DDT%20Phase%202/images/Advisory%20-%20Forensic%20-%20Investigations%20-%20Don%20Fancher.jpg"
                },
                "DMPUrl": {
                    "__metadata": {
                        "type": "SP.FieldUrlValue"
                    },
                    "Description": "https://dmp.deloittenet.deloitte.com/viewerportal/deloittenet/embed.vp?programId=esc_program%3A62879&contentAssocId=association%3A124",
                    "Url": "https://dmp.deloittenet.deloitte.com/viewerportal/deloittenet/embed.vp?programId=esc_program%3A62879&contentAssocId=association%3A124"
                },
                "IsSubcategoryFeatured": false,
                "ID": 12
            }
        ]
    }
}