{
    "d": {
        "results": [
            {
                "__metadata": {
                    "id": "Web/Lists(guid'ff3a09dc-374d-4f82-8c90-d132c17607d7')/Items(1)",
                    "uri": "https://ddnet2013.hosting.deloitte.com/sites/DeloitteDoesThat/_api/Web/Lists(guid'ff3a09dc-374d-4f82-8c90-d132c17607d7')/Items(1)",
                    "etag": "\"3\"",
                    "type": "SP.Data.VideoListItem"
                },
                "SubCategory": {
                    "__metadata": {
                        "id": "498d9644-0dd9-49b5-b9d7-4efed300a50c",
                        "type": "SP.Data.Sub_x0020_CategoryListItem"
                    },
                    "Title": "Accounting & Reporting Transformation"
                },
                "Id": 1,
                "Title": "Finance & Operations",
                "Description": "​Finance & Operations teams help clients enhance their business\nperformance through the implementation of leading practice controls, processes,\nand technologies to better manage…",
                "ThumbnailUrl": {
                    "__metadata": {
                        "type": "SP.FieldUrlValue"
                    },
                    "Description": "https://ddnet2013.hosting.deloitte.com/sites/DeloitteDoesThat/Style%20Library/DDT%20Phase%202/images/Advisory%20-%20Valuation%20-%20Justin%20Silber.jpg",
                    "Url": "https://ddnet2013.hosting.deloitte.com/sites/DeloitteDoesThat/Style%20Library/DDT%20Phase%202/images/Advisory%20-%20Valuation%20-%20Justin%20Silber.jpg"
                },
                "DMPUrl": {
                    "__metadata": {
                        "type": "SP.FieldUrlValue"
                    },
                    "Description": "https://dmp.deloittenet.deloitte.com/viewerportal/deloittenet/embed.vp?programId=esc_program%3A62056&contentAssocId=association%3A124665",
                    "Url": "https://dmp.deloittenet.deloitte.com/viewerportal/deloittenet/embed.vp?programId=esc_program%3A62056&contentAssocId=association%3A124665"
                },
                "IsSubcategoryFeatured": false,
                "ID": 1
            },
            {
                "__metadata": {
                    "id": "Web/Lists(guid'ff3a09dc-374d-4f82-8c90-d132c17607d7')/Items(2)",
                    "uri": "https://ddnet2013.hosting.deloitte.com/sites/DeloitteDoesThat/_api/Web/Lists(guid'ff3a09dc-374d-4f82-8c90-d132c17607d7')/Items(2)",
                    "etag": "\"2\"",
                    "type": "SP.Data.VideoListItem"
                },
                "SubCategory": {
                    "__metadata": {
                        "id": "5c6bb720-6849-41f8-b446-018f9607fd99",
                        "type": "SP.Data.Sub_x0020_CategoryListItem"
                    },
                    "Title": "Accounting & Reporting Transformation"
                },
                "Id": 2,
                "Title": "Valuation",
                "Description": "Finance & Operations teams help clients enhance their business performance through the implementation of leading practice controls, processes, and technologies to better manage and optimize financial and operational risks. Those risks are typically associated with ongoing operations, external business relationships, compliance with new and existing regulations, market volatility…",
                "ThumbnailUrl": {
                    "__metadata": {
                        "type": "SP.FieldUrlValue"
                    },
                    "Description": "https://ddnet2013.hosting.deloitte.com/sites/DeloitteDoesThat/Style%20Library/DDT%20Phase%202/images/Advisory%20-%20Forensic%20-%20Investigations%20-%20Don%20Fancher.jpg",
                    "Url": "https://ddnet2013.hosting.deloitte.com/sites/DeloitteDoesThat/Style%20Library/DDT%20Phase%202/images/Advisory%20-%20Forensic%20-%20Investigations%20-%20Don%20Fancher.jpg"
                },
                "DMPUrl": {
                    "__metadata": {
                        "type": "SP.FieldUrlValue"
                    },
                    "Description": "https://dmp.deloittenet.deloitte.com/viewerportal/deloittenet/embed.vp?programId=esc_program%3A62859&contentAssocId=association%3A124114",
                    "Url": "https://dmp.deloittenet.deloitte.com/viewerportal/deloittenet/embed.vp?programId=esc_program%3A62859&contentAssocId=association%3A124114"
                },
                "IsSubcategoryFeatured": true,
                "ID": 2
            },
            {
                "__metadata": {
                    "id": "Web/Lists(guid'ff3a09dc-374d-4f82-8c90-d132c17607d7')/Items(3)",
                    "uri": "https://ddnet2013.hosting.deloitte.com/sites/DeloitteDoesThat/_api/Web/Lists(guid'ff3a09dc-374d-4f82-8c90-d132c17607d7')/Items(3)",
                    "etag": "\"2\"",
                    "type": "SP.Data.VideoListItem"
                },
                "SubCategory": {
                    "__metadata": {
                        "id": "e8525804-e99f-4c86-8da7-25c66e328d4f",
                        "type": "SP.Data.Sub_x0020_CategoryListItem"
                    },
                    "Title": "Accounting & Reporting Transformation"
                },
                "Id": 3,
                "Title": "HR Transformation",
                "Description": null,
                "ThumbnailUrl": {
                    "__metadata": {
                        "type": "SP.FieldUrlValue"
                    },
                    "Description": "https://ddnet2013.hosting.deloitte.com/sites/DeloitteDoesThat/Style%20Library/DDT%20Phase%202/images/Advisory%20-%20Accounting%20-%20Reporting%20Transformation%20-%20Anthony%20Waelter.jpg",
                    "Url": "https://ddnet2013.hosting.deloitte.com/sites/DeloitteDoesThat/Style%20Library/DDT%20Phase%202/images/Advisory%20-%20Accounting%20-%20Reporting%20Transformation%20-%20Anthony%20Waelter.jpg"
                },
                "DMPUrl": {
                    "__metadata": {
                        "type": "SP.FieldUrlValue"
                    },
                    "Description": "https://dmp.deloittenet.deloitte.com/viewerportal/deloittenet/embed.vp?programId=esc_program%3A62060&contentAssocId=association%3A124210",
                    "Url": "https://dmp.deloittenet.deloitte.com/viewerportal/deloittenet/embed.vp?programId=esc_program%3A62060&contentAssocId=association%3A124210"
                },
                "IsSubcategoryFeatured": true,
                "ID": 3
            },
            {
                "__metadata": {
                    "id": "Web/Lists(guid'ff3a09dc-374d-4f82-8c90-d132c17607d7')/Items(4)",
                    "uri": "https://ddnet2013.hosting.deloitte.com/sites/DeloitteDoesThat/_api/Web/Lists(guid'ff3a09dc-374d-4f82-8c90-d132c17607d7')/Items(4)",
                    "etag": "\"2\"",
                    "type": "SP.Data.VideoListItem"
                },
                "SubCategory": {
                    "__metadata": {
                        "id": "ce066023-0de5-451d-8313-efe33488a9ad",
                        "type": "SP.Data.Sub_x0020_CategoryListItem"
                    },
                    "Title": "Cyber Risk"
                },
                "Id": 4,
                "Title": "Deloitte Digital",
                "Description": null,
                "ThumbnailUrl": {
                    "__metadata": {
                        "type": "SP.FieldUrlValue"
                    },
                    "Description": "https://ddnet2013.hosting.deloitte.com/sites/DeloitteDoesThat/Style%20Library/DDT%20Phase%202/images/Advisory%20-%20Accounting%20-%20Reporting%20Transformation%20-%20Anthony%20Waelter.jpg",
                    "Url": "https://ddnet2013.hosting.deloitte.com/sites/DeloitteDoesThat/Style%20Library/DDT%20Phase%202/images/Advisory%20-%20Accounting%20-%20Reporting%20Transformation%20-%20Anthony%20Waelter.jpg"
                },
                "DMPUrl": {
                    "__metadata": {
                        "type": "SP.FieldUrlValue"
                    },
                    "Description": "https://dmp.deloittenet.deloitte.com/viewerportal/deloittenet/embed.vp?programId=esc_program%3A62883&contentAssocId=association%3A124863",
                    "Url": "https://dmp.deloittenet.deloitte.com/viewerportal/deloittenet/embed.vp?programId=esc_program%3A62883&contentAssocId=association%3A124863"
                },
                "IsSubcategoryFeatured": true,
                "ID": 4
            },
            {
                "__metadata": {
                    "id": "Web/Lists(guid'ff3a09dc-374d-4f82-8c90-d132c17607d7')/Items(5)",
                    "uri": "https://ddnet2013.hosting.deloitte.com/sites/DeloitteDoesThat/_api/Web/Lists(guid'ff3a09dc-374d-4f82-8c90-d132c17607d7')/Items(5)",
                    "etag": "\"2\"",
                    "type": "SP.Data.VideoListItem"
                },
                "SubCategory": {
                    "__metadata": {
                        "id": "3b824bf6-8aec-4cf9-b4e2-549d8bb91f51",
                        "type": "SP.Data.Sub_x0020_CategoryListItem"
                    },
                    "Title": "Finance & Operations"
                },
                "Id": 5,
                "Title": "Finance & Operations can help !",
                "Description": null,
                "ThumbnailUrl": {
                    "__metadata": {
                        "type": "SP.FieldUrlValue"
                    },
                    "Description": "https://ddnet2013.hosting.deloitte.com/sites/DeloitteDoesThat/Style%20Library/DDT%20Phase%202/images/Advisory%20-%20Valuation%20-%20Justin%20Silber.jpg",
                    "Url": "https://ddnet2013.hosting.deloitte.com/sites/DeloitteDoesThat/Style%20Library/DDT%20Phase%202/images/Advisory%20-%20Valuation%20-%20Justin%20Silber.jpg"
                },
                "DMPUrl": {
                    "__metadata": {
                        "type": "SP.FieldUrlValue"
                    },
                    "Description": "https://dmp.deloittenet.deloitte.com/viewerportal/deloittenet/embed.vp?programId=esc_program%3A62059&contentAssocId=association%3A124173",
                    "Url": "https://dmp.deloittenet.deloitte.com/viewerportal/deloittenet/embed.vp?programId=esc_program%3A62059&contentAssocId=association%3A124173"
                },
                "IsSubcategoryFeatured": true,
                "ID": 5
            },
            {
                "__metadata": {
                    "id": "Web/Lists(guid'ff3a09dc-374d-4f82-8c90-d132c17607d7')/Items(6)",
                    "uri": "https://ddnet2013.hosting.deloitte.com/sites/DeloitteDoesThat/_api/Web/Lists(guid'ff3a09dc-374d-4f82-8c90-d132c17607d7')/Items(6)",
                    "etag": "\"2\"",
                    "type": "SP.Data.VideoListItem"
                },
                "SubCategory": {
                    "__metadata": {
                        "id": "93159d17-272d-4c45-92c1-006987361465",
                        "type": "SP.Data.Sub_x0020_CategoryListItem"
                    },
                    "Title": "Accounting & Reporting Transformation"
                },
                "Id": 6,
                "Title": "​Finance & Operations and Finance",
                "Description": "​Finance & Operations teams help clients enhance their business\nperformance through the implementation of leading practice controls, processes,and technologies to better manage.​Finance & Operations teams help clients enhance their business\nperformance through the implementation of leading practice controls, processes,and technologies to better manage. AYodhya Krishnamsetty AYodhya Krishnamsetty AYodhya Krishnamsetty",
                "ThumbnailUrl": {
                    "__metadata": {
                        "type": "SP.FieldUrlValue"
                    },
                    "Description": "https://ddnet2013.hosting.deloitte.com/sites/DeloitteDoesThat/Style%20Library/DDT%20Phase%202/images/Advisory%20-%20Forensic%20-%20Investigations%20-%20Don%20Fancher.jpg",
                    "Url": "https://ddnet2013.hosting.deloitte.com/sites/DeloitteDoesThat/Style%20Library/DDT%20Phase%202/images/Advisory%20-%20Forensic%20-%20Investigations%20-%20Don%20Fancher.jpg"
                },
                "DMPUrl": {
                    "__metadata": {
                        "type": "SP.FieldUrlValue"
                    },
                    "Description": "https://dmp.deloittenet.deloitte.com/viewerportal/deloittenet/embed.vp?programId=esc_program%3A62879&contentAssocId=association%3A124",
                    "Url": "https://dmp.deloittenet.deloitte.com/viewerportal/deloittenet/embed.vp?programId=esc_program%3A62879&contentAssocId=association%3A124"
                },
                "IsSubcategoryFeatured": true,
                "ID": 6
            },
            {
                "__metadata": {
                    "id": "Web/Lists(guid'ff3a09dc-374d-4f82-8c90-d132c17607d7')/Items(7)",
                    "uri": "https://ddnet2013.hosting.deloitte.com/sites/DeloitteDoesThat/_api/Web/Lists(guid'ff3a09dc-374d-4f82-8c90-d132c17607d7')/Items(7)",
                    "etag": "\"2\"",
                    "type": "SP.Data.VideoListItem"
                },
                "SubCategory": {
                    "__metadata": {
                        "id": "56482643-8a47-4ece-8710-b8e3464282a0",
                        "type": "SP.Data.Sub_x0020_CategoryListItem"
                    },
                    "Title": "Tax Technology Consulting & Implementation"
                },
                "Id": 7,
                "Title": "Tax Technology Consulting & Implementation can help !",
                "Description": null,
                "ThumbnailUrl": {
                    "__metadata": {
                        "type": "SP.FieldUrlValue"
                    },
                    "Description": "https://ddnet2013.hosting.deloitte.com/sites/DeloitteDoesThat/Style%20Library/DDT%20Phase%202/images/Advisory%20-%20Accounting%20-%20Reporting%20Transformation%20-%20Anthony%20Waelter.jpg",
                    "Url": "https://ddnet2013.hosting.deloitte.com/sites/DeloitteDoesThat/Style%20Library/DDT%20Phase%202/images/Advisory%20-%20Accounting%20-%20Reporting%20Transformation%20-%20Anthony%20Waelter.jpg"
                },
                "DMPUrl": {
                    "__metadata": {
                        "type": "SP.FieldUrlValue"
                    },
                    "Description": "https://dmp.deloittenet.deloitte.com/viewerportal/deloittenet/embed.vp?programId=esc_program%3A62868&contentAssocId=association%3A124891",
                    "Url": "https://dmp.deloittenet.deloitte.com/viewerportal/deloittenet/embed.vp?programId=esc_program%3A62868&contentAssocId=association%3A124891"
                },
                "IsSubcategoryFeatured": true,
                "ID": 7
            },
            {
                "__metadata": {
                    "id": "Web/Lists(guid'ff3a09dc-374d-4f82-8c90-d132c17607d7')/Items(9)",
                    "uri": "https://ddnet2013.hosting.deloitte.com/sites/DeloitteDoesThat/_api/Web/Lists(guid'ff3a09dc-374d-4f82-8c90-d132c17607d7')/Items(9)",
                    "etag": "\"1\"",
                    "type": "SP.Data.VideoListItem"
                },
                "SubCategory": {
                    "__deferred": {
                        "uri": "https://ddnet2013.hosting.deloitte.com/sites/DeloitteDoesThat/_api/Web/Lists(guid'ff3a09dc-374d-4f82-8c90-d132c17607d7')/Items(9)/SubCategory"
                    }
                },
                "Id": 9,
                "Title": "Prachi Test Video",
                "Description": "Prachi Test VideoPrachi Test VideoPrachi Test VideoPrachi Test VideoPrachi Test VideoPrachi Test VideoPrachi Test VideoPrachi Test VideoPrachi Test VideoPrachi Test VideoPrachi Test VideoPrachi Test VideoPrachi Test VideoPrachi Test VideoPrachi Test VideoPrachi Test VideoPrachi Test VideoPrachi Test VideoPrachi Test VideoPrachi Test VideoPrachi Test VideoPrachi Test VideoPrachi Test VideoPrachi Test VideoPrachi Test Video",
                "ThumbnailUrl": {
                    "__metadata": {
                        "type": "SP.FieldUrlValue"
                    },
                    "Description": "https://ddnet2013.hosting.deloitte.com/sites/DeloitteDoesThat/Style%20Library/DDT%20Phase%202/images/Advisory%20-%20Accounting%20-%20Reporting%20Transformation%20-%20Anthony%20Waelter.jpg",
                    "Url": "https://ddnet2013.hosting.deloitte.com/sites/DeloitteDoesThat/Style%20Library/DDT%20Phase%202/images/Advisory%20-%20Accounting%20-%20Reporting%20Transformation%20-%20Anthony%20Waelter.jpg"
                },
                "DMPUrl": {
                    "__metadata": {
                        "type": "SP.FieldUrlValue"
                    },
                    "Description": "https://dmp.deloittenet.deloitte.com/viewerportal/deloittenet/embed.vp?programId=esc_program%3A62868&contentAssocId=association%3A124891",
                    "Url": "https://dmp.deloittenet.deloitte.com/viewerportal/deloittenet/embed.vp?programId=esc_program%3A62868&contentAssocId=association%3A124891"
                },
                "IsSubcategoryFeatured": false,
                "ID": 9
            },
            {
                "__metadata": {
                    "id": "Web/Lists(guid'ff3a09dc-374d-4f82-8c90-d132c17607d7')/Items(10)",
                    "uri": "https://ddnet2013.hosting.deloitte.com/sites/DeloitteDoesThat/_api/Web/Lists(guid'ff3a09dc-374d-4f82-8c90-d132c17607d7')/Items(10)",
                    "etag": "\"2\"",
                    "type": "SP.Data.VideoListItem"
                },
                "SubCategory": {
                    "__metadata": {
                        "id": "1d9f74c1-ba9c-4c05-b9ad-e3589fdb6030",
                        "type": "SP.Data.Sub_x0020_CategoryListItem"
                    },
                    "Title": "Application Management Services"
                },
                "Id": 10,
                "Title": "Cyber Risk",
                "Description": "Finance & Operations teams help clients enhance their business performance through the implementation of leading practice controls, processes,and technologies to better manage.​Finance & Operations teams help clients enhance their business performance through the implementation of leading practice ",
                "ThumbnailUrl": {
                    "__metadata": {
                        "type": "SP.FieldUrlValue"
                    },
                    "Description": "https://ddnet2013.hosting.deloitte.com/sites/DeloitteDoesThat/Style%20Library/DDT%20Phase%202/images/Advisory%20-%20Forensic%20-%20Investigations%20-%20Don%20Fancher.jpg",
                    "Url": "https://ddnet2013.hosting.deloitte.com/sites/DeloitteDoesThat/Style%20Library/DDT%20Phase%202/images/Advisory%20-%20Forensic%20-%20Investigations%20-%20Don%20Fancher.jpg"
                },
                "DMPUrl": {
                    "__metadata": {
                        "type": "SP.FieldUrlValue"
                    },
                    "Description": "https://dmp.deloittenet.deloitte.com/viewerportal/deloittenet/embed.vp?programId=esc_program%3A62879&contentAssocId=association%3A124",
                    "Url": "https://dmp.deloittenet.deloitte.com/viewerportal/deloittenet/embed.vp?programId=esc_program%3A62879&contentAssocId=association%3A124"
                },
                "IsSubcategoryFeatured": false,
                "ID": 10
            },
            {
                "__metadata": {
                    "id": "Web/Lists(guid'ff3a09dc-374d-4f82-8c90-d132c17607d7')/Items(11)",
                    "uri": "https://ddnet2013.hosting.deloitte.com/sites/DeloitteDoesThat/_api/Web/Lists(guid'ff3a09dc-374d-4f82-8c90-d132c17607d7')/Items(11)",
                    "etag": "\"2\"",
                    "type": "SP.Data.VideoListItem"
                },
                "SubCategory": {
                    "__metadata": {
                        "id": "747aa350-2cc9-4f43-b222-7c4d4d558c71",
                        "type": "SP.Data.Sub_x0020_CategoryListItem"
                    },
                    "Title": "Application Management Services"
                },
                "Id": 11,
                "Title": "Finance & Operations Consulting",
                "Description": "Blending strategy, creativity, and technology? Deloitte Does That… through Deloitte Digital",
                "ThumbnailUrl": {
                    "__metadata": {
                        "type": "SP.FieldUrlValue"
                    },
                    "Description": "https://ddnet2013.hosting.deloitte.com/sites/DeloitteDoesThat/Style%20Library/DDT%20Phase%202/images/Advisory%20-%20Forensic%20-%20Investigations%20-%20Don%20Fancher.jpg",
                    "Url": "https://ddnet2013.hosting.deloitte.com/sites/DeloitteDoesThat/Style%20Library/DDT%20Phase%202/images/Advisory%20-%20Forensic%20-%20Investigations%20-%20Don%20Fancher.jpg"
                },
                "DMPUrl": {
                    "__metadata": {
                        "type": "SP.FieldUrlValue"
                    },
                    "Description": "https://dmp.deloittenet.deloitte.com/viewerportal/deloittenet/embed.vp?programId=esc_program%3A62879&contentAssocId=association%3A124",
                    "Url": "https://dmp.deloittenet.deloitte.com/viewerportal/deloittenet/embed.vp?programId=esc_program%3A62879&contentAssocId=association%3A124"
                },
                "IsSubcategoryFeatured": false,
                "ID": 11
            },
            {
                "__metadata": {
                    "id": "Web/Lists(guid'ff3a09dc-374d-4f82-8c90-d132c17607d7')/Items(12)",
                    "uri": "https://ddnet2013.hosting.deloitte.com/sites/DeloitteDoesThat/_api/Web/Lists(guid'ff3a09dc-374d-4f82-8c90-d132c17607d7')/Items(12)",
                    "etag": "\"2\"",
                    "type": "SP.Data.VideoListItem"
                },
                "SubCategory": {
                    "__metadata": {
                        "id": "22796f05-7582-4c7e-bfbd-650fe81c8d73",
                        "type": "SP.Data.Sub_x0020_CategoryListItem"
                    },
                    "Title": "Accounting & Reporting Transformation"
                },
                "Id": 12,
                "Title": "Finance & Operations Consulting one",
                "Description": "Deloitte does that… through the Service Delivery Transformation Integrated Market Offering",
                "ThumbnailUrl": {
                    "__metadata": {
                        "type": "SP.FieldUrlValue"
                    },
                    "Description": "https://ddnet2013.hosting.deloitte.com/sites/DeloitteDoesThat/Style%20Library/DDT%20Phase%202/images/Advisory%20-%20Forensic%20-%20Investigations%20-%20Don%20Fancher.jpg",
                    "Url": "https://ddnet2013.hosting.deloitte.com/sites/DeloitteDoesThat/Style%20Library/DDT%20Phase%202/images/Advisory%20-%20Forensic%20-%20Investigations%20-%20Don%20Fancher.jpg"
                },
                "DMPUrl": {
                    "__metadata": {
                        "type": "SP.FieldUrlValue"
                    },
                    "Description": "https://dmp.deloittenet.deloitte.com/viewerportal/deloittenet/embed.vp?programId=esc_program%3A62879&contentAssocId=association%3A124",
                    "Url": "https://dmp.deloittenet.deloitte.com/viewerportal/deloittenet/embed.vp?programId=esc_program%3A62879&contentAssocId=association%3A124"
                },
                "IsSubcategoryFeatured": false,
                "ID": 12
            },
            {
                "__metadata": {
                    "id": "Web/Lists(guid'ff3a09dc-374d-4f82-8c90-d132c17607d7')/Items(13)",
                    "uri": "https://ddnet2013.hosting.deloitte.com/sites/DeloitteDoesThat/_api/Web/Lists(guid'ff3a09dc-374d-4f82-8c90-d132c17607d7')/Items(13)",
                    "etag": "\"2\"",
                    "type": "SP.Data.VideoListItem"
                },
                "SubCategory": {
                    "__metadata": {
                        "id": "1e24adb9-2125-4f67-99fd-0e247ddb8c5f",
                        "type": "SP.Data.Sub_x0020_CategoryListItem"
                    },
                    "Title": "Compliance, Reporting & Risk Management Services - Direct and Indirect Taxes"
                },
                "Id": 13,
                "Title": "Sample Video",
                "Description": "Blending strategy, creativity, and technology? Deloitte Does That… through Deloitte Digital",
                "ThumbnailUrl": {
                    "__metadata": {
                        "type": "SP.FieldUrlValue"
                    },
                    "Description": "https://ddnet2013.hosting.deloitte.com/sites/DeloitteDoesThat/Style%20Library/DDT%20Phase%202/images/Advisory%20-%20Forensic%20-%20Investigations%20-%20Don%20Fancher.jpg",
                    "Url": "https://ddnet2013.hosting.deloitte.com/sites/DeloitteDoesThat/Style%20Library/DDT%20Phase%202/images/Advisory%20-%20Forensic%20-%20Investigations%20-%20Don%20Fancher.jpg"
                },
                "DMPUrl": {
                    "__metadata": {
                        "type": "SP.FieldUrlValue"
                    },
                    "Description": "https://dmp.deloittenet.deloitte.com/viewerportal/deloittenet/embed.vp?programId=esc_program%3A62879&contentAssocId=association%3A124",
                    "Url": "https://dmp.deloittenet.deloitte.com/viewerportal/deloittenet/embed.vp?programId=esc_program%3A62879&contentAssocId=association%3A124"
                },
                "IsSubcategoryFeatured": false,
                "ID": 13
            },
            {
                "__metadata": {
                    "id": "Web/Lists(guid'ff3a09dc-374d-4f82-8c90-d132c17607d7')/Items(14)",
                    "uri": "https://ddnet2013.hosting.deloitte.com/sites/DeloitteDoesThat/_api/Web/Lists(guid'ff3a09dc-374d-4f82-8c90-d132c17607d7')/Items(14)",
                    "etag": "\"2\"",
                    "type": "SP.Data.VideoListItem"
                },
                "SubCategory": {
                    "__metadata": {
                        "id": "05959a0b-8645-4e5f-a181-eba06dfc9810",
                        "type": "SP.Data.Sub_x0020_CategoryListItem"
                    },
                    "Title": "Bersin"
                },
                "Id": 14,
                "Title": "Sample Advisory Recommended Video",
                "Description": "Sample Advisory Recommended VideoSample Advisory Recommended VideoSample Advisory Recommended VideoSample Advisory Recommended VideoSample Advisory Recommended Video",
                "ThumbnailUrl": {
                    "__metadata": {
                        "type": "SP.FieldUrlValue"
                    },
                    "Description": "https://ddnet2013.hosting.deloitte.com/sites/DeloitteDoesThat/Style%20Library/DDT%20Phase%202/images/Advisory%20-%20Forensic%20-%20Investigations%20-%20Don%20Fancher.jpg",
                    "Url": "https://ddnet2013.hosting.deloitte.com/sites/DeloitteDoesThat/Style%20Library/DDT%20Phase%202/images/Advisory%20-%20Forensic%20-%20Investigations%20-%20Don%20Fancher.jpg"
                },
                "DMPUrl": {
                    "__metadata": {
                        "type": "SP.FieldUrlValue"
                    },
                    "Description": "https://dmp.deloittenet.deloitte.com/viewerportal/deloittenet/embed.vp?programId=esc_program%3A62859&contentAssocId=association%3A124114",
                    "Url": "https://dmp.deloittenet.deloitte.com/viewerportal/deloittenet/embed.vp?programId=esc_program%3A62859&contentAssocId=association%3A124114"
                },
                "IsSubcategoryFeatured": false,
                "ID": 14
            }            
        ]
    }
}